Title,Type,Mood,Genre
The Bourne Identity,Movie,Neutral,Action
The Bourne Identity,Movie,Happy,Action
The Bourne Supremacy,Movie,Neutral,Action
The Bourne Supremacy,Movie,Happy,Action
The Bourne Ultimatum,Movie,Neutral,Action
The Bourne Ultimatum,Movie,Happy,Action
Skyfall,Movie,Neutral,Action
Skyfall,Movie,Happy,Action
Casino Royale,Movie,Neutral,Action
Casino Royale,Movie,Happy,Action
Quantum of Solace,Movie,Neutral,Action
Quantum of Solace,Movie,Happy,Action
GoldenEye,Movie,Neutral,Action
GoldenEye,Movie,Happy,Action
Tinker Tailor Soldier Spy,Movie,Neutral,Action
Tinker Tailor Soldier Spy,Movie,Happy,Action
Argo,Movie,Neutral,Action
Argo,Movie,Happy,Action
Jack Reacher,Movie,Neutral,Action
Jack Reacher,Movie,Happy,Action
Jack Ryan,Series,Neutral,Action
Jack Ryan,Series,Happy,Action
24,Series,Neutral,Action
24,Series,Happy,Action
Body of Lies,Movie,Neutral,Action
Body of Lies,Movie,Happy,Action
Sicario,Movie,Neutral,Action
Sicario,Movie,Happy,Action
Sicario: Day of the Soldado,Movie,Neutral,Action
Sicario: Day of the Soldado,Movie,Happy,Action
Ronin,Movie,Neutral,Action
Ronin,Movie,Happy,Action
Heat,Movie,Neutral,Action
Heat,Movie,Happy,Action
Extraction,Movie,Neutral,Action
Extraction,Movie,Happy,Action
Extraction 2,Movie,Neutral,Action
Extraction 2,Movie,Happy,Action
Atomic Blonde,Movie,Neutral,Action
Atomic Blonde,Movie,Happy,Action
Kingsman: The Secret Service,Movie,Neutral,Action
Kingsman: The Secret Service,Movie,Happy,Action
Kingsman: The Golden Circle,Movie,Neutral,Action
Kingsman: The Golden Circle,Movie,Happy,Action
Tenet,Movie,Neutral,Action
Tenet,Movie,Happy,Action
Inception,Movie,Neutral,Action
Inception,Movie,Happy,Action
The Dark Knight,Movie,Neutral,Action
The Dark Knight,Movie,Happy,Action
The Man from U.N.C.L.E,Movie,Neutral,Action
The Man from U.N.C.L.E,Movie,Happy,Action
The Night Manager,Series,Neutral,Action
The Night Manager,Series,Happy,Action
Zero Dark Thirty,Movie,Neutral,Action
Zero Dark Thirty,Movie,Happy,Action
The Equalizer,Movie,Neutral,Action
The Equalizer,Movie,Happy,Action
The Equalizer 2,Movie,Neutral,Action
The Equalizer 2,Movie,Happy,Action
Collateral,Movie,Neutral,Action
Collateral,Movie,Happy,Action
Enemy of the State,Movie,Neutral,Action
Enemy of the State,Movie,Happy,Action
Mission: Impossible,Movie,Neutral,Action
Mission: Impossible,Movie,Happy,Action
The Gray Man,Movie,Neutral,Action
The Gray Man,Movie,Happy,Action
Munich,Movie,Neutral,Action
Munich,Movie,Happy,Action
The Recruit,Movie,Neutral,Action
The Recruit,Movie,Happy,Action
Safe House,Movie,Neutral,Action
Safe House,Movie,Happy,Action
Wanted,Movie,Neutral,Action
Wanted,Movie,Happy,Action
Red Sparrow,Movie,Neutral,Action
Red Sparrow,Movie,Happy,Action
Bridge of Spies,Movie,Neutral,Action
Bridge of Spies,Movie,Happy,Action
Patriot Games,Movie,Neutral,Action
Patriot Games,Movie,Happy,Action
Clear and Present Danger,Movie,Neutral,Action
Clear and Present Danger,Movie,Happy,Action
Alex Rider,Series,Neutral,Action
Alex Rider,Series,Happy,Action
Shooter,Series,Neutral,Action
Shooter,Series,Happy,Action
Reacher,Series,Neutral,Action
Reacher,Series,Happy,Action
Bodyguard,Series,Neutral,Action
Bodyguard,Series,Happy,Action
The Americans,Series,Neutral,Action
The Americans,Series,Happy,Action
Homeland,Series,Neutral,Action
Homeland,Series,Happy,Action
The Spy,Series,Neutral,Action
The Spy,Series,Happy,Action
La Femme Nikita,Movie,Neutral,Action
La Femme Nikita,Movie,Happy,Action
Phir Hera Pheri,Movie,Happy,Comedy
Phir Hera Pheri,Movie,Very happy,Comedy
Phir Hera Pheri,Movie,Sad,Comedy
Phir Hera Pheri,Movie,Very sad,Comedy
Welcome,Movie,Happy,Comedy
Welcome,Movie,Very happy,Comedy
Welcome,Movie,Sad,Comedy
Welcome,Movie,Very sad,Comedy
Hungama,Movie,Happy,Comedy
Hungama,Movie,Very happy,Comedy
Hungama,Movie,Sad,Comedy
Hungama,Movie,Very sad,Comedy
Andaz Apna Apna,Movie,Happy,Comedy
Andaz Apna Apna,Movie,Very happy,Comedy
Andaz Apna Apna,Movie,Sad,Comedy
Andaz Apna Apna,Movie,Very sad,Comedy
Chupke Chupke,Movie,Happy,Comedy
Chupke Chupke,Movie,Very happy,Comedy
Chupke Chupke,Movie,Sad,Comedy
Chupke Chupke,Movie,Very sad,Comedy
Golmaal (2006),Movie,Happy,Comedy
Golmaal (2006),Movie,Very happy,Comedy
Golmaal (2006),Movie,Sad,Comedy
Golmaal (2006),Movie,Very sad,Comedy
Golmaal Returns,Movie,Happy,Comedy
Golmaal Returns,Movie,Very happy,Comedy
Golmaal Returns,Movie,Sad,Comedy
Golmaal Returns,Movie,Very sad,Comedy
Golmaal 3,Movie,Happy,Comedy
Golmaal 3,Movie,Very happy,Comedy
Golmaal 3,Movie,Sad,Comedy
Golmaal 3,Movie,Very sad,Comedy
Bhool Bhulaiyaa,Movie,Happy,Comedy
Bhool Bhulaiyaa,Movie,Very happy,Comedy
Bhool Bhulaiyaa,Movie,Sad,Comedy
Bhool Bhulaiyaa,Movie,Very sad,Comedy
Malamaal Weekly,Movie,Happy,Comedy
Malamaal Weekly,Movie,Very happy,Comedy
Malamaal Weekly,Movie,Sad,Comedy
Malamaal Weekly,Movie,Very sad,Comedy
Dhamaal,Movie,Happy,Comedy
Dhamaal,Movie,Very happy,Comedy
Dhamaal,Movie,Sad,Comedy
Dhamaal,Movie,Very sad,Comedy
Double Dhamaal,Movie,Happy,Comedy
Double Dhamaal,Movie,Very happy,Comedy
Double Dhamaal,Movie,Sad,Comedy
Double Dhamaal,Movie,Very sad,Comedy
Total Dhamaal,Movie,Happy,Comedy
Total Dhamaal,Movie,Very happy,Comedy
Total Dhamaal,Movie,Sad,Comedy
Total Dhamaal,Movie,Very sad,Comedy
De Dana Dan,Movie,Happy,Comedy
De Dana Dan,Movie,Very happy,Comedy
De Dana Dan,Movie,Sad,Comedy
De Dana Dan,Movie,Very sad,Comedy
Awara Pagal Deewana,Movie,Happy,Comedy
Awara Pagal Deewana,Movie,Very happy,Comedy
Awara Pagal Deewana,Movie,Sad,Comedy
Awara Pagal Deewana,Movie,Very sad,Comedy
Mujhse Shaadi Karogi,Movie,Happy,Comedy
Mujhse Shaadi Karogi,Movie,Very happy,Comedy
Mujhse Shaadi Karogi,Movie,Sad,Comedy
Mujhse Shaadi Karogi,Movie,Very sad,Comedy
No Entry,Movie,Happy,Comedy
No Entry,Movie,Very happy,Comedy
No Entry,Movie,Sad,Comedy
No Entry,Movie,Very sad,Comedy
Partner,Movie,Happy,Comedy
Partner,Movie,Very happy,Comedy
Partner,Movie,Sad,Comedy
Partner,Movie,Very sad,Comedy
Housefull,Movie,Happy,Comedy
Housefull,Movie,Very happy,Comedy
Housefull,Movie,Sad,Comedy
Housefull,Movie,Very sad,Comedy
Housefull 2,Movie,Happy,Comedy
Housefull 2,Movie,Very happy,Comedy
Housefull 2,Movie,Sad,Comedy
Housefull 2,Movie,Very sad,Comedy
Housefull 3,Movie,Happy,Comedy
Housefull 3,Movie,Very happy,Comedy
Housefull 3,Movie,Sad,Comedy
Housefull 3,Movie,Very sad,Comedy
Tere Bin Laden,Movie,Happy,Comedy
Tere Bin Laden,Movie,Very happy,Comedy
Tere Bin Laden,Movie,Sad,Comedy
Tere Bin Laden,Movie,Very sad,Comedy
Fukrey,Movie,Happy,Comedy
Fukrey,Movie,Very happy,Comedy
Fukrey,Movie,Sad,Comedy
Fukrey,Movie,Very sad,Comedy
Fukrey Returns,Movie,Happy,Comedy
Fukrey Returns,Movie,Very happy,Comedy
Fukrey Returns,Movie,Sad,Comedy
Fukrey Returns,Movie,Very sad,Comedy
Delhi Belly,Movie,Happy,Comedy
Delhi Belly,Movie,Very happy,Comedy
Delhi Belly,Movie,Sad,Comedy
Delhi Belly,Movie,Very sad,Comedy
Khosla Ka Ghosla,Movie,Happy,Comedy
Khosla Ka Ghosla,Movie,Very happy,Comedy
Khosla Ka Ghosla,Movie,Sad,Comedy
Khosla Ka Ghosla,Movie,Very sad,Comedy
Bheja Fry,Movie,Happy,Comedy
Bheja Fry,Movie,Very happy,Comedy
Bheja Fry,Movie,Sad,Comedy
Bheja Fry,Movie,Very sad,Comedy
Jaane Bhi Do Yaaro,Movie,Happy,Comedy
Jaane Bhi Do Yaaro,Movie,Very happy,Comedy
Jaane Bhi Do Yaaro,Movie,Sad,Comedy
Jaane Bhi Do Yaaro,Movie,Very sad,Comedy
PK,Movie,Happy,Comedy
PK,Movie,Very happy,Comedy
PK,Movie,Sad,Comedy
PK,Movie,Very sad,Comedy
3 Idiots,Movie,Happy,Comedy
3 Idiots,Movie,Very happy,Comedy
3 Idiots,Movie,Sad,Comedy
3 Idiots,Movie,Very sad,Comedy
Jolly LLB,Movie,Happy,Comedy
Jolly LLB,Movie,Very happy,Comedy
Jolly LLB,Movie,Sad,Comedy
Jolly LLB,Movie,Very sad,Comedy
Jolly LLB 2,Movie,Happy,Comedy
Jolly LLB 2,Movie,Very happy,Comedy
Jolly LLB 2,Movie,Sad,Comedy
Jolly LLB 2,Movie,Very sad,Comedy
Vicky Donor,Movie,Happy,Comedy
Vicky Donor,Movie,Very happy,Comedy
Vicky Donor,Movie,Sad,Comedy
Vicky Donor,Movie,Very sad,Comedy
Badhaai Ho,Movie,Happy,Comedy
Badhaai Ho,Movie,Very happy,Comedy
Badhaai Ho,Movie,Sad,Comedy
Badhaai Ho,Movie,Very sad,Comedy
Stree,Movie,Happy,Comedy
Stree,Movie,Very happy,Comedy
Stree,Movie,Sad,Comedy
Stree,Movie,Very sad,Comedy
Luka Chuppi,Movie,Happy,Comedy
Luka Chuppi,Movie,Very happy,Comedy
Luka Chuppi,Movie,Sad,Comedy
Luka Chuppi,Movie,Very sad,Comedy
Sonu Ke Titu Ki Sweety,Movie,Happy,Comedy
Sonu Ke Titu Ki Sweety,Movie,Very happy,Comedy
Sonu Ke Titu Ki Sweety,Movie,Sad,Comedy
Sonu Ke Titu Ki Sweety,Movie,Very sad,Comedy
Pati Patni Aur Woh,Movie,Happy,Comedy
Pati Patni Aur Woh,Movie,Very happy,Comedy
Pati Patni Aur Woh,Movie,Sad,Comedy
Pati Patni Aur Woh,Movie,Very sad,Comedy
Munnabhai MBBS,Movie,Happy,Comedy
Munnabhai MBBS,Movie,Very happy,Comedy
Munnabhai MBBS,Movie,Sad,Comedy
Munnabhai MBBS,Movie,Very sad,Comedy
Lage Raho Munnabhai,Movie,Happy,Comedy
Lage Raho Munnabhai,Movie,Very happy,Comedy
Lage Raho Munnabhai,Movie,Sad,Comedy
Lage Raho Munnabhai,Movie,Very sad,Comedy
OMG: Oh My God,Movie,Happy,Comedy
OMG: Oh My God,Movie,Very happy,Comedy
OMG: Oh My God,Movie,Sad,Comedy
OMG: Oh My God,Movie,Very sad,Comedy
The Office (US),Movie,Happy,Comedy
The Office (US),Movie,Very happy,Comedy
The Office (US),Movie,Sad,Comedy
The Office (US),Movie,Very sad,Comedy
Brooklyn Nine-Nine,Movie,Happy,Comedy
Brooklyn Nine-Nine,Movie,Very happy,Comedy
Brooklyn Nine-Nine,Movie,Sad,Comedy
Brooklyn Nine-Nine,Movie,Very sad,Comedy
Community,Movie,Happy,Comedy
Community,Movie,Very happy,Comedy
Community,Movie,Sad,Comedy
Community,Movie,Very sad,Comedy
The Good Place,Movie,Happy,Comedy
The Good Place,Movie,Very happy,Comedy
The Good Place,Movie,Sad,Comedy
The Good Place,Movie,Very sad,Comedy
IT Crowd,Movie,Happy,Comedy
IT Crowd,Movie,Very happy,Comedy
IT Crowd,Movie,Sad,Comedy
IT Crowd,Movie,Very sad,Comedy
Modern Family,Movie,Happy,Comedy
Modern Family,Movie,Very happy,Comedy
Modern Family,Movie,Sad,Comedy
Modern Family,Movie,Very sad,Comedy
Peep Show,Movie,Happy,Comedy
Peep Show,Movie,Very happy,Comedy
Peep Show,Movie,Sad,Comedy
Peep Show,Movie,Very sad,Comedy
Superbad,Movie,Happy,Comedy
Superbad,Movie,Very happy,Comedy
Superbad,Movie,Sad,Comedy
Superbad,Movie,Very sad,Comedy
The Hangover,Movie,Happy,Comedy
The Hangover,Movie,Very happy,Comedy
The Hangover,Movie,Sad,Comedy
The Hangover,Movie,Very sad,Comedy
Cars 2,Movie,Happy,Animation
Cars 2,Movie,Neutral,Animation
Cars 2,Movie,Very happy,Animation
Cars 3,Movie,Happy,Animation
Cars 3,Movie,Neutral,Animation
Cars 3,Movie,Very happy,Animation
Planes,Movie,Happy,Animation
Planes,Movie,Neutral,Animation
Planes,Movie,Very happy,Animation
Planes: Fire & Rescue,Movie,Happy,Animation
Planes: Fire & Rescue,Movie,Neutral,Animation
Planes: Fire & Rescue,Movie,Very happy,Animation
Toy Story,Movie,Happy,Animation
Toy Story,Movie,Neutral,Animation
Toy Story,Movie,Very happy,Animation
Ratatouille,Movie,Happy,Animation
Ratatouille,Movie,Neutral,Animation
Ratatouille,Movie,Very happy,Animation
The Incredibles,Movie,Happy,Animation
The Incredibles,Movie,Neutral,Animation
The Incredibles,Movie,Very happy,Animation
The Incredibles 2,Movie,Happy,Animation
The Incredibles 2,Movie,Neutral,Animation
The Incredibles 2,Movie,Very happy,Animation
Finding Nemo,Movie,Happy,Animation
Finding Nemo,Movie,Neutral,Animation
Finding Nemo,Movie,Very happy,Animation
Finding Dory,Movie,Happy,Animation
Finding Dory,Movie,Neutral,Animation
Finding Dory,Movie,Very happy,Animation
Wreck-It Ralph,Movie,Happy,Animation
Wreck-It Ralph,Movie,Neutral,Animation
Wreck-It Ralph,Movie,Very happy,Animation
Ralph Breaks the Internet,Movie,Happy,Animation
Ralph Breaks the Internet,Movie,Neutral,Animation
Ralph Breaks the Internet,Movie,Very happy,Animation
Big Hero 6,Movie,Happy,Animation
Big Hero 6,Movie,Neutral,Animation
Big Hero 6,Movie,Very happy,Animation
Monsters Inc,Movie,Happy,Animation
Monsters Inc,Movie,Neutral,Animation
Monsters Inc,Movie,Very happy,Animation
Monsters University,Movie,Happy,Animation
Monsters University,Movie,Neutral,Animation
Monsters University,Movie,Very happy,Animation
Wall-E,Movie,Happy,Animation
Wall-E,Movie,Neutral,Animation
Wall-E,Movie,Very happy,Animation
Bolt,Movie,Happy,Animation
Bolt,Movie,Neutral,Animation
Bolt,Movie,Very happy,Animation
Zootopia,Movie,Happy,Animation
Zootopia,Movie,Neutral,Animation
Zootopia,Movie,Very happy,Animation
Onward,Movie,Happy,Animation
Onward,Movie,Neutral,Animation
Onward,Movie,Very happy,Animation
Inside Out,Movie,Happy,Animation
Inside Out,Movie,Neutral,Animation
Inside Out,Movie,Very happy,Animation
Inside Out 2,Movie,Happy,Animation
Inside Out 2,Movie,Neutral,Animation
Inside Out 2,Movie,Very happy,Animation
Soul,Movie,Happy,Animation
Soul,Movie,Neutral,Animation
Soul,Movie,Very happy,Animation
Turning Red,Movie,Happy,Animation
Turning Red,Movie,Neutral,Animation
Turning Red,Movie,Very happy,Animation
Luca,Movie,Happy,Animation
Luca,Movie,Neutral,Animation
Luca,Movie,Very happy,Animation
Moana,Movie,Happy,Animation
Moana,Movie,Neutral,Animation
Moana,Movie,Very happy,Animation
The Iron Giant,Movie,Happy,Animation
The Iron Giant,Movie,Neutral,Animation
The Iron Giant,Movie,Very happy,Animation
How to Train Your Dragon,Movie,Happy,Animation
How to Train Your Dragon,Movie,Neutral,Animation
How to Train Your Dragon,Movie,Very happy,Animation
HTTYD 2,Movie,Happy,Animation
HTTYD 2,Movie,Neutral,Animation
HTTYD 2,Movie,Very happy,Animation
HTTYD 3,Movie,Happy,Animation
HTTYD 3,Movie,Neutral,Animation
HTTYD 3,Movie,Very happy,Animation
Kung Fu Panda,Movie,Happy,Animation
Kung Fu Panda,Movie,Neutral,Animation
Kung Fu Panda,Movie,Very happy,Animation
KFP 2,Movie,Happy,Animation
KFP 2,Movie,Neutral,Animation
KFP 2,Movie,Very happy,Animation
KFP 3,Movie,Happy,Animation
KFP 3,Movie,Neutral,Animation
KFP 3,Movie,Very happy,Animation
Megamind,Movie,Happy,Animation
Megamind,Movie,Neutral,Animation
Megamind,Movie,Very happy,Animation
Shrek,Movie,Happy,Animation
Shrek,Movie,Neutral,Animation
Shrek,Movie,Very happy,Animation
Shrek 2,Movie,Happy,Animation
Shrek 2,Movie,Neutral,Animation
Shrek 2,Movie,Very happy,Animation
Shrek 3,Movie,Happy,Animation
Shrek 3,Movie,Neutral,Animation
Shrek 3,Movie,Very happy,Animation
Shrek 4,Movie,Happy,Animation
Shrek 4,Movie,Neutral,Animation
Shrek 4,Movie,Very happy,Animation
Bee Movie,Movie,Happy,Animation
Bee Movie,Movie,Neutral,Animation
Bee Movie,Movie,Very happy,Animation
Turbo,Movie,Happy,Animation
Turbo,Movie,Neutral,Animation
Turbo,Movie,Very happy,Animation
Speed Racer,Movie,Happy,Animation
Speed Racer,Movie,Neutral,Animation
Speed Racer,Movie,Very happy,Animation
The Adventures of Tintin,Movie,Happy,Animation
The Adventures of Tintin,Movie,Neutral,Animation
The Adventures of Tintin,Movie,Very happy,Animation
Despicable Me,Movie,Happy,Animation
Despicable Me,Movie,Neutral,Animation
Despicable Me,Movie,Very happy,Animation
DM 2,Movie,Happy,Animation
DM 2,Movie,Neutral,Animation
DM 2,Movie,Very happy,Animation
DM 3,Movie,Happy,Animation
DM 3,Movie,Neutral,Animation
DM 3,Movie,Very happy,Animation
Minions,Movie,Happy,Animation
Minions,Movie,Neutral,Animation
Minions,Movie,Very happy,Animation
Minions: Rise of Gru,Movie,Happy,Animation
Minions: Rise of Gru,Movie,Neutral,Animation
Minions: Rise of Gru,Movie,Very happy,Animation
Cloudy with a Chance of Meatballs,Movie,Happy,Animation
Cloudy with a Chance of Meatballs,Movie,Neutral,Animation
Cloudy with a Chance of Meatballs,Movie,Very happy,Animation
Madagascar,Movie,Happy,Animation
Madagascar,Movie,Neutral,Animation
Madagascar,Movie,Very happy,Animation
Cars on the Road,Series,Happy,Animation
Cars on the Road,Series,Neutral,Animation
Cars on the Road,Series,Very happy,Animation
Lightyear,Movie,Happy,Animation
Lightyear,Movie,Neutral,Animation
Lightyear,Movie,Very happy,Animation
The Conjuring,Movie,Neutral,Horror
The Conjuring 2,Movie,Neutral,Horror
Conjuring 3,Movie,Neutral,Horror
Insidious,Movie,Neutral,Horror
Insidious 2,Movie,Neutral,Horror
Insidious 3,Movie,Neutral,Horror
Insidious 4,Movie,Neutral,Horror
Insidious 5,Movie,Neutral,Horror
The Nun,Movie,Neutral,Horror
The Nun 2,Movie,Neutral,Horror
Annabelle,Movie,Neutral,Horror
Annabelle: Creation,Movie,Neutral,Horror
Annabelle Comes Home,Movie,Neutral,Horror
Hereditary,Movie,Neutral,Horror
The Witch,Movie,Neutral,Horror
Midsommar,Movie,Neutral,Horror
Get Out,Movie,Neutral,Horror
Us,Movie,Neutral,Horror
Nope,Movie,Neutral,Horror
Sinister,Movie,Neutral,Horror
Sinister 2,Movie,Neutral,Horror
The Babadook,Movie,Neutral,Horror
The Ring,Movie,Neutral,Horror
Rings,Movie,Neutral,Horror
Ju-On The Grudge,Movie,Neutral,Horror
It (2017),Movie,Neutral,Horror
It Chapter Two,Movie,Neutral,Horror
A Quiet Place,Movie,Neutral,Horror
A Quiet Place II,Movie,Neutral,Horror
Smile,Movie,Neutral,Horror
Talk to Me,Movie,Neutral,Horror
Don’t Breathe,Movie,Neutral,Horror
Don’t Breathe 2,Movie,Neutral,Horror
Train to Busan,Movie,Neutral,Horror
The Wailing,Movie,Neutral,Horror
Gonjiam: Haunted Asylum,Movie,Neutral,Horror
REC,Movie,Neutral,Horror
REC 2,Movie,Neutral,Horror
Veronica,Movie,Neutral,Horror
Oculus,Movie,Neutral,Horror
Gerald’s Game,Movie,Neutral,Horror
Doctor Sleep,Movie,Neutral,Horror
1922,Movie,Neutral,Horror
Bird Box,Movie,Neutral,Horror
The Haunting of Hill House,Series,Neutral,Horror
The Haunting of Bly Manor,Movie,Neutral,Horror
Midnight Mass,Movie,Neutral,Horror
Marianne,Series,Neutral,Horror
The Medium,Movie,Neutral,Horror
Tumbbad,Movie,Neutral,Horror
Tholi Prema (1998),Movie,Neutral,Romance
Tholi Prema (1998),Movie,Happy,Romance
Tholi Prema (1998),Movie,Sad,Romance
Tholi Prema (2018),Movie,Neutral,Romance
Tholi Prema (2018),Movie,Happy,Romance
Tholi Prema (2018),Movie,Sad,Romance
Ninnu Kori,Movie,Neutral,Romance
Ninnu Kori,Movie,Happy,Romance
Ninnu Kori,Movie,Sad,Romance
Majili,Movie,Neutral,Romance
Majili,Movie,Happy,Romance
Majili,Movie,Sad,Romance
Yem Maya Chesave,Movie,Neutral,Romance
Yem Maya Chesave,Movie,Happy,Romance
Yem Maya Chesave,Movie,Sad,Romance
96,Movie,Neutral,Romance
96,Movie,Happy,Romance
96,Movie,Sad,Romance
Ok Kanmani,Movie,Neutral,Romance
Ok Kanmani,Movie,Happy,Romance
Ok Kanmani,Movie,Sad,Romance
OK Jaanu,Movie,Neutral,Romance
OK Jaanu,Movie,Happy,Romance
OK Jaanu,Movie,Sad,Romance
Alaipayuthey,Movie,Neutral,Romance
Alaipayuthey,Movie,Happy,Romance
Alaipayuthey,Movie,Sad,Romance
Roja,Movie,Neutral,Romance
Roja,Movie,Happy,Romance
Roja,Movie,Sad,Romance
Sita Ramam,Movie,Neutral,Romance
Sita Ramam,Movie,Happy,Romance
Sita Ramam,Movie,Sad,Romance
Aakasam Nee Haddhu Ra,Movie,Neutral,Romance
Aakasam Nee Haddhu Ra,Movie,Happy,Romance
Aakasam Nee Haddhu Ra,Movie,Sad,Romance
Hridayam,Movie,Neutral,Romance
Hridayam,Movie,Happy,Romance
Hridayam,Movie,Sad,Romance
Premam,Movie,Neutral,Romance
Premam,Movie,Happy,Romance
Premam,Movie,Sad,Romance
Bangalore Days,Movie,Neutral,Romance
Bangalore Days,Movie,Happy,Romance
Bangalore Days,Movie,Sad,Romance
Charlie,Movie,Neutral,Romance
Charlie,Movie,Happy,Romance
Charlie,Movie,Sad,Romance
Dia,Movie,Neutral,Romance
Dia,Movie,Happy,Romance
Dia,Movie,Sad,Romance
Katheyondu Shuruvagide,Movie,Neutral,Romance
Katheyondu Shuruvagide,Movie,Happy,Romance
Katheyondu Shuruvagide,Movie,Sad,Romance
Qala,Movie,Neutral,Romance
Qala,Movie,Happy,Romance
Qala,Movie,Sad,Romance
Darlings,Movie,Neutral,Romance
Darlings,Movie,Happy,Romance
Darlings,Movie,Sad,Romance
Lootera,Movie,Neutral,Romance
Lootera,Movie,Happy,Romance
Lootera,Movie,Sad,Romance
Tamasha,Movie,Neutral,Romance
Tamasha,Movie,Happy,Romance
Tamasha,Movie,Sad,Romance
Jab Tak Hai Jaan,Movie,Neutral,Romance
Jab Tak Hai Jaan,Movie,Happy,Romance
Jab Tak Hai Jaan,Movie,Sad,Romance
Ae Dil Hai Mushkil,Movie,Neutral,Romance
Ae Dil Hai Mushkil,Movie,Happy,Romance
Ae Dil Hai Mushkil,Movie,Sad,Romance
Barfi,Movie,Neutral,Romance
Barfi,Movie,Happy,Romance
Barfi,Movie,Sad,Romance
Wake Up Sid,Movie,Neutral,Romance
Wake Up Sid,Movie,Happy,Romance
Wake Up Sid,Movie,Sad,Romance
Jaane Tu Ya Jaane Na,Movie,Neutral,Romance
Jaane Tu Ya Jaane Na,Movie,Happy,Romance
Jaane Tu Ya Jaane Na,Movie,Sad,Romance
Kabir Singh,Movie,Neutral,Romance
Kabir Singh,Movie,Happy,Romance
Kabir Singh,Movie,Sad,Romance
Rockstar,Movie,Neutral,Romance
Rockstar,Movie,Happy,Romance
Rockstar,Movie,Sad,Romance
Chhichhore,Movie,Neutral,Romance
Chhichhore,Movie,Happy,Romance
Chhichhore,Movie,Sad,Romance
The Notebook,Movie,Neutral,Romance
The Notebook,Movie,Happy,Romance
The Notebook,Movie,Sad,Romance
La La Land,Movie,Neutral,Romance
La La Land,Movie,Happy,Romance
La La Land,Movie,Sad,Romance
Eternal Sunshine of the Spotless Mind,Movie,Neutral,Romance
Eternal Sunshine of the Spotless Mind,Movie,Happy,Romance
Eternal Sunshine of the Spotless Mind,Movie,Sad,Romance
Begin Again,Movie,Neutral,Romance
Begin Again,Movie,Happy,Romance
Begin Again,Movie,Sad,Romance
Carol,Movie,Neutral,Romance
Carol,Movie,Happy,Romance
Carol,Movie,Sad,Romance
Before Sunrise,Movie,Neutral,Romance
Before Sunrise,Movie,Happy,Romance
Before Sunrise,Movie,Sad,Romance
Before Sunset,Movie,Neutral,Romance
Before Sunset,Movie,Happy,Romance
Before Sunset,Movie,Sad,Romance
Before Midnight,Movie,Neutral,Romance
Before Midnight,Movie,Happy,Romance
Before Midnight,Movie,Sad,Romance
Blue Valentine,Movie,Neutral,Romance
Blue Valentine,Movie,Happy,Romance
Blue Valentine,Movie,Sad,Romance
Call Me By Your Name,Movie,Neutral,Romance
Call Me By Your Name,Movie,Happy,Romance
Call Me By Your Name,Movie,Sad,Romance
Her,Movie,Neutral,Romance
Her,Movie,Happy,Romance
Her,Movie,Sad,Romance
Brooklyn,Movie,Neutral,Romance
Brooklyn,Movie,Happy,Romance
Brooklyn,Movie,Sad,Romance
About Time,Movie,Neutral,Romance
About Time,Movie,Happy,Romance
About Time,Movie,Sad,Romance
The Fault in Our Stars,Movie,Neutral,Romance
The Fault in Our Stars,Movie,Happy,Romance
The Fault in Our Stars,Movie,Sad,Romance
The Spectacular Now,Movie,Neutral,Romance
The Spectacular Now,Movie,Happy,Romance
The Spectacular Now,Movie,Sad,Romance
Notting Hill,Movie,Neutral,Romance
Notting Hill,Movie,Happy,Romance
Notting Hill,Movie,Sad,Romance
Pride & Prejudice,Movie,Neutral,Romance
Pride & Prejudice,Movie,Happy,Romance
Pride & Prejudice,Movie,Sad,Romance
In the Mood for Love,Movie,Neutral,Romance
In the Mood for Love,Movie,Happy,Romance
In the Mood for Love,Movie,Sad,Romance
Your Name,Movie,Neutral,Romance
Your Name,Movie,Happy,Romance
Your Name,Movie,Sad,Romance
Weathering With You,Movie,Neutral,Romance
Weathering With You,Movie,Happy,Romance
Weathering With You,Movie,Sad,Romance
Hum Tum,Movie,Happy,Rom-Com
Hum Tum,Movie,Very happy,Rom-Com
Hum Tum,Movie,Sad,Rom-Com
Salaam Namaste,Movie,Happy,Rom-Com
Salaam Namaste,Movie,Very happy,Rom-Com
Salaam Namaste,Movie,Sad,Rom-Com
Love Aaj Kal (2009),Movie,Happy,Rom-Com
Love Aaj Kal (2009),Movie,Very happy,Rom-Com
Love Aaj Kal (2009),Movie,Sad,Rom-Com
Yeh Jawaani Hai Deewani,Movie,Happy,Rom-Com
Yeh Jawaani Hai Deewani,Movie,Very happy,Rom-Com
Yeh Jawaani Hai Deewani,Movie,Sad,Rom-Com
Tamasha,Movie,Very happy,Rom-Com
Barfi,Movie,Very happy,Rom-Com
Wake Up Sid,Movie,Very happy,Rom-Com
Band Baaja Baaraat,Movie,Happy,Rom-Com
Band Baaja Baaraat,Movie,Very happy,Rom-Com
Band Baaja Baaraat,Movie,Sad,Rom-Com
Hasee Toh Phasee,Movie,Happy,Rom-Com
Hasee Toh Phasee,Movie,Very happy,Rom-Com
Hasee Toh Phasee,Movie,Sad,Rom-Com
Shuddh Desi Romance,Movie,Happy,Rom-Com
Shuddh Desi Romance,Movie,Very happy,Rom-Com
Shuddh Desi Romance,Movie,Sad,Rom-Com
Bareilly Ki Barfi,Movie,Happy,Rom-Com
Bareilly Ki Barfi,Movie,Very happy,Rom-Com
Bareilly Ki Barfi,Movie,Sad,Rom-Com
Piku,Movie,Happy,Rom-Com
Piku,Movie,Very happy,Rom-Com
Piku,Movie,Sad,Rom-Com
Rab Ne Bana Di Jodi,Movie,Happy,Rom-Com
Rab Ne Bana Di Jodi,Movie,Very happy,Rom-Com
Rab Ne Bana Di Jodi,Movie,Sad,Rom-Com
Kal Ho Na Ho,Movie,Happy,Rom-Com
Kal Ho Na Ho,Movie,Very happy,Rom-Com
Kal Ho Na Ho,Movie,Sad,Rom-Com
Jaane Tu Ya Jaane Na,Movie,Very happy,Rom-Com
Dil Chahta Hai,Movie,Happy,Rom-Com
Dil Chahta Hai,Movie,Very happy,Rom-Com
Dil Chahta Hai,Movie,Sad,Rom-Com
2 States,Movie,Happy,Rom-Com
2 States,Movie,Very happy,Rom-Com
2 States,Movie,Sad,Rom-Com
Jab Harry Met Sejal,Movie,Happy,Rom-Com
Jab Harry Met Sejal,Movie,Very happy,Rom-Com
Jab Harry Met Sejal,Movie,Sad,Rom-Com
Kuch Kuch Hota Hai,Movie,Happy,Rom-Com
Kuch Kuch Hota Hai,Movie,Very happy,Rom-Com
Kuch Kuch Hota Hai,Movie,Sad,Rom-Com
Dilwale Dulhania Le Jayenge,Movie,Happy,Rom-Com
Dilwale Dulhania Le Jayenge,Movie,Very happy,Rom-Com
Dilwale Dulhania Le Jayenge,Movie,Sad,Rom-Com
Notting Hill,Movie,Very happy,Rom-Com
Crazy Rich Asians,Movie,Happy,Rom-Com
Crazy Rich Asians,Movie,Very happy,Rom-Com
Crazy Rich Asians,Movie,Sad,Rom-Com
500 Days of Summer,Movie,Happy,Rom-Com
500 Days of Summer,Movie,Very happy,Rom-Com
500 Days of Summer,Movie,Sad,Rom-Com
The Proposal,Movie,Happy,Rom-Com
The Proposal,Movie,Very happy,Rom-Com
The Proposal,Movie,Sad,Rom-Com
Friends with Benefits,Movie,Happy,Rom-Com
Friends with Benefits,Movie,Very happy,Rom-Com
Friends with Benefits,Movie,Sad,Rom-Com
The Holiday,Movie,Happy,Rom-Com
The Holiday,Movie,Very happy,Rom-Com
The Holiday,Movie,Sad,Rom-Com
Serendipity,Movie,Happy,Rom-Com
Serendipity,Movie,Very happy,Rom-Com
Serendipity,Movie,Sad,Rom-Com
Silver Linings Playbook,Movie,Happy,Rom-Com
Silver Linings Playbook,Movie,Very happy,Rom-Com
Silver Linings Playbook,Movie,Sad,Rom-Com
When Harry Met Sally,Movie,Happy,Rom-Com
When Harry Met Sally,Movie,Very happy,Rom-Com
When Harry Met Sally,Movie,Sad,Rom-Com
10 Things I Hate About You,Movie,Happy,Rom-Com
10 Things I Hate About You,Movie,Very happy,Rom-Com
10 Things I Hate About You,Movie,Sad,Rom-Com
The Notebook,Movie,Very happy,Rom-Com
Hitch,Movie,Happy,Rom-Com
Hitch,Movie,Very happy,Rom-Com
Hitch,Movie,Sad,Rom-Com
To All the Boys I’ve Loved Before,Movie,Happy,Rom-Com
To All the Boys I’ve Loved Before,Movie,Very happy,Rom-Com
To All the Boys I’ve Loved Before,Movie,Sad,Rom-Com
"Crazy, Stupid, Love",Movie,Happy,Rom-Com
"Crazy, Stupid, Love",Movie,Very happy,Rom-Com
"Crazy, Stupid, Love",Movie,Sad,Rom-Com
"Love, Rosie",Movie,Happy,Rom-Com
"Love, Rosie",Movie,Very happy,Rom-Com
"Love, Rosie",Movie,Sad,Rom-Com
The Hating Game,Movie,Happy,Rom-Com
The Hating Game,Movie,Very happy,Rom-Com
The Hating Game,Movie,Sad,Rom-Com
Easy A,Movie,Happy,Rom-Com
Easy A,Movie,Very happy,Rom-Com
Easy A,Movie,Sad,Rom-Com
How to Lose a Guy in 10 Days,Movie,Happy,Rom-Com
How to Lose a Guy in 10 Days,Movie,Very happy,Rom-Com
How to Lose a Guy in 10 Days,Movie,Sad,Rom-Com
Something Borrowed,Movie,Happy,Rom-Com
Something Borrowed,Movie,Very happy,Rom-Com
Something Borrowed,Movie,Sad,Rom-Com
PS I Love You,Movie,Happy,Rom-Com
PS I Love You,Movie,Very happy,Rom-Com
PS I Love You,Movie,Sad,Rom-Com
Set It Up,Movie,Happy,Rom-Com
Set It Up,Movie,Very happy,Rom-Com
Set It Up,Movie,Sad,Rom-Com
Always Be My Maybe,Movie,Happy,Rom-Com
Always Be My Maybe,Movie,Very happy,Rom-Com
Always Be My Maybe,Movie,Sad,Rom-Com
The Lunchbox,Movie,Happy,Rom-Com
The Lunchbox,Movie,Very happy,Rom-Com
The Lunchbox,Movie,Sad,Rom-Com
Sairat,Movie,Happy,Rom-Com
Sairat,Movie,Very happy,Rom-Com
Sairat,Movie,Sad,Rom-Com
Atrangi Re,Movie,Happy,Rom-Com
Atrangi Re,Movie,Very happy,Rom-Com
Atrangi Re,Movie,Sad,Rom-Com
English Vinglish,Movie,Happy,Rom-Com
English Vinglish,Movie,Very happy,Rom-Com
English Vinglish,Movie,Sad,Rom-Com
Before We Go,Movie,Happy,Rom-Com
Before We Go,Movie,Very happy,Rom-Com
Before We Go,Movie,Sad,Rom-Com
La La Land,Movie,Very happy,Rom-Com
Midnight in Paris,Movie,Happy,Rom-Com
Midnight in Paris,Movie,Very happy,Rom-Com
Midnight in Paris,Movie,Sad,Rom-Com
Chak De India,Movie,Neutral,Classic
Chak De India,Movie,Happy,Classic
Lagaan,Movie,Neutral,Classic
Lagaan,Movie,Happy,Classic
Taare Zameen Par,Movie,Neutral,Classic
Taare Zameen Par,Movie,Happy,Classic
Rang Rasiya,Movie,Neutral,Classic
Rang Rasiya,Movie,Happy,Classic
Sarfarosh,Movie,Neutral,Classic
Sarfarosh,Movie,Happy,Classic
Lakshya,Movie,Neutral,Classic
Lakshya,Movie,Happy,Classic
Bhaag Milkha Bhaag,Movie,Neutral,Classic
Bhaag Milkha Bhaag,Movie,Happy,Classic
3 Idiots,Movie,Neutral,Classic
PK,Movie,Neutral,Classic
Mulk,Movie,Neutral,Classic
Mulk,Movie,Happy,Classic
Airlift,Movie,Neutral,Classic
Airlift,Movie,Happy,Classic
Neerja,Movie,Neutral,Classic
Neerja,Movie,Happy,Classic
Raazi,Movie,Neutral,Classic
Raazi,Movie,Happy,Classic
Dangal,Movie,Neutral,Classic
Dangal,Movie,Happy,Classic
Super 30,Movie,Neutral,Classic
Super 30,Movie,Happy,Classic
Chakravyuh,Movie,Neutral,Classic
Chakravyuh,Movie,Happy,Classic
Article 15,Movie,Neutral,Classic
Article 15,Movie,Happy,Classic
Pink,Movie,Neutral,Classic
Pink,Movie,Happy,Classic
M.S. Dhoni,Movie,Neutral,Classic
M.S. Dhoni,Movie,Happy,Classic
Mandela (Tamil),Movie,Neutral,Classic
Mandela (Tamil),Movie,Happy,Classic
Court,Movie,Neutral,Classic
Court,Movie,Happy,Classic
The White Tiger,Movie,Neutral,Classic
The White Tiger,Movie,Happy,Classic
The Great Indian Kitchen,Movie,Neutral,Classic
The Great Indian Kitchen,Movie,Happy,Classic
Newton,Movie,Neutral,Classic
Newton,Movie,Happy,Classic
Masaan,Movie,Neutral,Classic
Masaan,Movie,Happy,Classic
Gully Boy,Movie,Neutral,Classic
Gully Boy,Movie,Happy,Classic
October,Movie,Neutral,Classic
October,Movie,Happy,Classic
Udaan,Movie,Neutral,Classic
Udaan,Movie,Happy,Classic
The Lunchbox,Movie,Neutral,Classic
Haider,Movie,Neutral,Classic
Haider,Movie,Happy,Classic
Madras Cafe,Movie,Neutral,Classic
Madras Cafe,Movie,Happy,Classic
Kaala,Movie,Neutral,Classic
Kaala,Movie,Happy,Classic
A Wednesday,Movie,Neutral,Classic
A Wednesday,Movie,Happy,Classic
Peepli Live,Movie,Neutral,Classic
Peepli Live,Movie,Happy,Classic
Ship of Theseus,Movie,Neutral,Classic
Ship of Theseus,Movie,Happy,Classic
Dear Zindagi,Movie,Neutral,Classic
Dear Zindagi,Movie,Happy,Classic
Sardar Udham,Movie,Neutral,Classic
Sardar Udham,Movie,Happy,Classic
Mandela: Long Walk to Freedom,Movie,Neutral,Classic
Mandela: Long Walk to Freedom,Movie,Happy,Classic
Hotel Rwanda,Movie,Neutral,Classic
Hotel Rwanda,Movie,Happy,Classic
Spotlight,Movie,Neutral,Classic
Spotlight,Movie,Happy,Classic
The Social Network,Movie,Neutral,Classic
The Social Network,Movie,Happy,Classic
The Pursuit of Happyness,Movie,Neutral,Classic
The Pursuit of Happyness,Movie,Happy,Classic
Good Will Hunting,Movie,Neutral,Classic
Good Will Hunting,Movie,Happy,Classic
Life is Beautiful,Movie,Neutral,Classic
Life is Beautiful,Movie,Happy,Classic
Schindler’s List,Movie,Neutral,Classic
Schindler’s List,Movie,Happy,Classic
Dead Poets Society,Movie,Neutral,Classic
Dead Poets Society,Movie,Happy,Classic
Forrest Gump,Movie,Neutral,Classic
Forrest Gump,Movie,Happy,Classic
The Shawshank Redemption,Movie,Sad,Life-Changing
The Shawshank Redemption,Movie,Neutral,Life-Changing
The Shawshank Redemption,Movie,Very sad,Life-Changing
Forrest Gump,Movie,Sad,Life-Changing
Forrest Gump,Movie,Very sad,Life-Changing
Fight Club,Movie,Sad,Life-Changing
Fight Club,Movie,Neutral,Life-Changing
Fight Club,Movie,Very sad,Life-Changing
The Pursuit of Happyness,Movie,Sad,Life-Changing
The Pursuit of Happyness,Movie,Very sad,Life-Changing
Dead Poets Society,Movie,Sad,Life-Changing
Dead Poets Society,Movie,Very sad,Life-Changing
A Beautiful Mind,Movie,Sad,Life-Changing
A Beautiful Mind,Movie,Neutral,Life-Changing
A Beautiful Mind,Movie,Very sad,Life-Changing
The Green Mile,Movie,Sad,Life-Changing
The Green Mile,Movie,Neutral,Life-Changing
The Green Mile,Movie,Very sad,Life-Changing
Into the Wild,Movie,Sad,Life-Changing
Into the Wild,Movie,Neutral,Life-Changing
Into the Wild,Movie,Very sad,Life-Changing
The Secret Life of Walter Mitty,Movie,Sad,Life-Changing
The Secret Life of Walter Mitty,Movie,Neutral,Life-Changing
The Secret Life of Walter Mitty,Movie,Very sad,Life-Changing
Life of Pi,Movie,Sad,Life-Changing
Life of Pi,Movie,Neutral,Life-Changing
Life of Pi,Movie,Very sad,Life-Changing
Good Will Hunting,Movie,Sad,Life-Changing
Good Will Hunting,Movie,Very sad,Life-Changing
Whiplash,Movie,Sad,Life-Changing
Whiplash,Movie,Neutral,Life-Changing
Whiplash,Movie,Very sad,Life-Changing
Schindler’s List,Movie,Sad,Life-Changing
Schindler’s List,Movie,Very sad,Life-Changing
Cast Away,Movie,Sad,Life-Changing
Cast Away,Movie,Neutral,Life-Changing
Cast Away,Movie,Very sad,Life-Changing
Her,Movie,Very sad,Life-Changing
Soul,Movie,Sad,Life-Changing
Soul,Movie,Very sad,Life-Changing
Arrival,Movie,Sad,Life-Changing
Arrival,Movie,Neutral,Life-Changing
Arrival,Movie,Very sad,Life-Changing
The Tree of Life,Movie,Sad,Life-Changing
The Tree of Life,Movie,Neutral,Life-Changing
The Tree of Life,Movie,Very sad,Life-Changing
Interstellar,Movie,Sad,Life-Changing
Interstellar,Movie,Neutral,Life-Changing
Interstellar,Movie,Very sad,Life-Changing
Inception,Movie,Sad,Life-Changing
Inception,Movie,Very sad,Life-Changing
The Truman Show,Movie,Sad,Life-Changing
The Truman Show,Movie,Neutral,Life-Changing
The Truman Show,Movie,Very sad,Life-Changing
The Curious Case of Benjamin Button,Movie,Sad,Life-Changing
The Curious Case of Benjamin Button,Movie,Neutral,Life-Changing
The Curious Case of Benjamin Button,Movie,Very sad,Life-Changing
Manchester by the Sea,Movie,Sad,Life-Changing
Manchester by the Sea,Movie,Neutral,Life-Changing
Manchester by the Sea,Movie,Very sad,Life-Changing
The Perks of Being a Wallflower,Movie,Sad,Life-Changing
The Perks of Being a Wallflower,Movie,Neutral,Life-Changing
The Perks of Being a Wallflower,Movie,Very sad,Life-Changing
Room,Movie,Sad,Life-Changing
Room,Movie,Neutral,Life-Changing
Room,Movie,Very sad,Life-Changing
Eternal Sunshine of the Spotless Mind,Movie,Very sad,Life-Changing
Before Trilogy,Movie,Sad,Life-Changing
Before Trilogy,Movie,Neutral,Life-Changing
Before Trilogy,Movie,Very sad,Life-Changing
Collateral Beauty,Movie,Sad,Life-Changing
Collateral Beauty,Movie,Neutral,Life-Changing
Collateral Beauty,Movie,Very sad,Life-Changing
The Father,Movie,Sad,Life-Changing
The Father,Movie,Neutral,Life-Changing
The Father,Movie,Very sad,Life-Changing
Silence,Movie,Sad,Life-Changing
Silence,Movie,Neutral,Life-Changing
Silence,Movie,Very sad,Life-Changing
The Kite Runner,Movie,Sad,Life-Changing
The Kite Runner,Movie,Neutral,Life-Changing
The Kite Runner,Movie,Very sad,Life-Changing
Lion,Movie,Sad,Life-Changing
Lion,Movie,Neutral,Life-Changing
Lion,Movie,Very sad,Life-Changing
The Pianist,Movie,Sad,Life-Changing
The Pianist,Movie,Neutral,Life-Changing
The Pianist,Movie,Very sad,Life-Changing
Hacksaw Ridge,Movie,Sad,Life-Changing
Hacksaw Ridge,Movie,Neutral,Life-Changing
Hacksaw Ridge,Movie,Very sad,Life-Changing
Requiem for a Dream,Movie,Sad,Life-Changing
Requiem for a Dream,Movie,Neutral,Life-Changing
Requiem for a Dream,Movie,Very sad,Life-Changing
Gandhi,Movie,Sad,Life-Changing
Gandhi,Movie,Neutral,Life-Changing
Gandhi,Movie,Very sad,Life-Changing
The Boy Who Harnessed the Wind,Movie,Sad,Life-Changing
The Boy Who Harnessed the Wind,Movie,Neutral,Life-Changing
The Boy Who Harnessed the Wind,Movie,Very sad,Life-Changing
The Florida Project,Movie,Sad,Life-Changing
The Florida Project,Movie,Neutral,Life-Changing
The Florida Project,Movie,Very sad,Life-Changing
Bo Burnham’s Inside,Movie,Sad,Life-Changing
Bo Burnham’s Inside,Movie,Neutral,Life-Changing
Bo Burnham’s Inside,Movie,Very sad,Life-Changing
Wild,Movie,Sad,Life-Changing
Wild,Movie,Neutral,Life-Changing
Wild,Movie,Very sad,Life-Changing
Nomadland,Movie,Sad,Life-Changing
Nomadland,Movie,Neutral,Life-Changing
Nomadland,Movie,Very sad,Life-Changing
The Last Samurai,Movie,Sad,Life-Changing
The Last Samurai,Movie,Neutral,Life-Changing
The Last Samurai,Movie,Very sad,Life-Changing
Ikiru,Movie,Sad,Life-Changing
Ikiru,Movie,Neutral,Life-Changing
Ikiru,Movie,Very sad,Life-Changing
Rashomon,Movie,Sad,Life-Changing
Rashomon,Movie,Neutral,Life-Changing
Rashomon,Movie,Very sad,Life-Changing
Seven Pounds,Movie,Sad,Life-Changing
Seven Pounds,Movie,Neutral,Life-Changing
Seven Pounds,Movie,Very sad,Life-Changing
The Intouchables,Movie,Sad,Life-Changing
The Intouchables,Movie,Neutral,Life-Changing
The Intouchables,Movie,Very sad,Life-Changing
The Diving Bell and the Butterfly,Movie,Sad,Life-Changing
The Diving Bell and the Butterfly,Movie,Neutral,Life-Changing
The Diving Bell and the Butterfly,Movie,Very sad,Life-Changing
Amelie,Movie,Sad,Life-Changing
Amelie,Movie,Neutral,Life-Changing
Amelie,Movie,Very sad,Life-Changing
A Separation,Movie,Sad,Life-Changing
A Separation,Movie,Neutral,Life-Changing
A Separation,Movie,Very sad,Life-Changing
Tokyo Story,Movie,Sad,Life-Changing
Tokyo Story,Movie,Neutral,Life-Changing
Tokyo Story,Movie,Very sad,Life-Changing
English Vinglish,Movie,Very sad,Comfort
English Vinglish,Movie,Neutral,Comfort
Barfi,Movie,Very sad,Comfort
The Lunchbox,Movie,Very sad,Comfort
Wake Up Sid,Movie,Very sad,Comfort
Dear Zindagi,Movie,Very sad,Comfort
Dear Zindagi,Movie,Sad,Comfort
October,Movie,Very sad,Comfort
October,Movie,Sad,Comfort
Kapoor & Sons,Movie,Very sad,Comfort
Kapoor & Sons,Movie,Sad,Comfort
Kapoor & Sons,Movie,Neutral,Comfort
Taare Zameen Par,Movie,Very sad,Comfort
Taare Zameen Par,Movie,Sad,Comfort
Stanley ka Dabba,Movie,Very sad,Comfort
Stanley ka Dabba,Movie,Sad,Comfort
Stanley ka Dabba,Movie,Neutral,Comfort
Udaan,Movie,Very sad,Comfort
Udaan,Movie,Sad,Comfort
Qarib Qarib Singlle,Movie,Very sad,Comfort
Qarib Qarib Singlle,Movie,Sad,Comfort
Qarib Qarib Singlle,Movie,Neutral,Comfort
Karwaan,Movie,Very sad,Comfort
Karwaan,Movie,Sad,Comfort
Karwaan,Movie,Neutral,Comfort
Piku,Movie,Very sad,Comfort
Piku,Movie,Neutral,Comfort
Nil Battey Sannata,Movie,Very sad,Comfort
Nil Battey Sannata,Movie,Sad,Comfort
Nil Battey Sannata,Movie,Neutral,Comfort
Secret Superstar,Movie,Very sad,Comfort
Secret Superstar,Movie,Sad,Comfort
Secret Superstar,Movie,Neutral,Comfort
Chhichhore,Movie,Very sad,Comfort
Dil Chahta Hai,Movie,Very sad,Comfort
Dil Chahta Hai,Movie,Neutral,Comfort
Zindagi Na Milegi Dobara,Movie,Very sad,Comfort
Zindagi Na Milegi Dobara,Movie,Sad,Comfort
Zindagi Na Milegi Dobara,Movie,Neutral,Comfort
Highway,Movie,Very sad,Comfort
Highway,Movie,Sad,Comfort
Highway,Movie,Neutral,Comfort
Chak De India,Movie,Very sad,Comfort
Chak De India,Movie,Sad,Comfort
Lakshya,Movie,Very sad,Comfort
Lakshya,Movie,Sad,Comfort
Little Women,Movie,Very sad,Comfort
Little Women,Movie,Sad,Comfort
Little Women,Movie,Neutral,Comfort
The Intern,Movie,Very sad,Comfort
The Intern,Movie,Sad,Comfort
The Intern,Movie,Neutral,Comfort
Chef,Movie,Very sad,Comfort
Chef,Movie,Sad,Comfort
Chef,Movie,Neutral,Comfort
Julie & Julia,Movie,Very sad,Comfort
Julie & Julia,Movie,Sad,Comfort
Julie & Julia,Movie,Neutral,Comfort
About Time,Movie,Very sad,Comfort
Paddington,Movie,Very sad,Comfort
Paddington,Movie,Sad,Comfort
Paddington,Movie,Neutral,Comfort
Paddington 2,Movie,Very sad,Comfort
Paddington 2,Movie,Sad,Comfort
Paddington 2,Movie,Neutral,Comfort
The Hundred-Foot Journey,Movie,Very sad,Comfort
The Hundred-Foot Journey,Movie,Sad,Comfort
The Hundred-Foot Journey,Movie,Neutral,Comfort
The Holiday,Movie,Very sad,Comfort
The Holiday,Movie,Neutral,Comfort
The Terminal,Movie,Very sad,Comfort
The Terminal,Movie,Sad,Comfort
The Terminal,Movie,Neutral,Comfort
Finding Nemo,Movie,Very sad,Comfort
Finding Nemo,Movie,Sad,Comfort
Up,Movie,Very sad,Comfort
Up,Movie,Sad,Comfort
Up,Movie,Neutral,Comfort
Inside Out,Movie,Very sad,Comfort
Inside Out,Movie,Sad,Comfort
Moana,Movie,Very sad,Comfort
Moana,Movie,Sad,Comfort
Spirited Away,Movie,Very sad,Comfort
Spirited Away,Movie,Sad,Comfort
Spirited Away,Movie,Neutral,Comfort
My Neighbor Totoro,Movie,Very sad,Comfort
My Neighbor Totoro,Movie,Sad,Comfort
My Neighbor Totoro,Movie,Neutral,Comfort
Whisper of the Heart,Movie,Very sad,Comfort
Whisper of the Heart,Movie,Sad,Comfort
Whisper of the Heart,Movie,Neutral,Comfort
Kiki’s Delivery Service,Movie,Very sad,Comfort
Kiki’s Delivery Service,Movie,Sad,Comfort
Kiki’s Delivery Service,Movie,Neutral,Comfort
Our Little Sister,Movie,Very sad,Comfort
Our Little Sister,Movie,Sad,Comfort
Our Little Sister,Movie,Neutral,Comfort
Shoplifters,Movie,Very sad,Comfort
Shoplifters,Movie,Sad,Comfort
Shoplifters,Movie,Neutral,Comfort
The Farewell,Movie,Very sad,Comfort
The Farewell,Movie,Sad,Comfort
The Farewell,Movie,Neutral,Comfort
Roma,Movie,Very sad,Comfort
Roma,Movie,Sad,Comfort
Roma,Movie,Neutral,Comfort
CODA,Movie,Very sad,Comfort
CODA,Movie,Sad,Comfort
CODA,Movie,Neutral,Comfort
Primer,Movie,Neutral,Suspense/Mystery
Coherence,Movie,Neutral,Suspense/Mystery
Triangle,Movie,Neutral,Suspense/Mystery
Source Code,Movie,Neutral,Suspense/Mystery
Edge of Tomorrow,Movie,Neutral,Suspense/Mystery
The Butterfly Effect,Movie,Neutral,Suspense/Mystery
Looper,Movie,Neutral,Suspense/Mystery
Timecrimes,Movie,Neutral,Suspense/Mystery
Dark,Series,Neutral,Suspense/Mystery
12 Monkeys,Movie,Neutral,Suspense/Mystery
Shutter Island,Movie,Neutral,Suspense/Mystery
The Prestige,Movie,Neutral,Suspense/Mystery
Memento,Movie,Neutral,Suspense/Mystery
Donnie Darko,Movie,Neutral,Suspense/Mystery
The Machinist,Movie,Neutral,Suspense/Mystery
Mr. Nobody,Movie,Neutral,Suspense/Mystery
Identity,Movie,Neutral,Suspense/Mystery
Mulholland Drive,Movie,Neutral,Suspense/Mystery
Enemy,Movie,Neutral,Suspense/Mystery
The Game,Movie,Neutral,Suspense/Mystery
Oldboy,Movie,Neutral,Suspense/Mystery
The Invisible Guest,Movie,Neutral,Suspense/Mystery
The Others,Movie,Neutral,Suspense/Mystery
Gone Girl,Movie,Neutral,Suspense/Mystery
Zodiac,Movie,Neutral,Suspense/Mystery
Se7en,Movie,Neutral,Suspense/Mystery
Prisoners,Movie,Neutral,Suspense/Mystery
Mystic River,Movie,Neutral,Suspense/Mystery
The Gift,Movie,Neutral,Suspense/Mystery
Split,Movie,Neutral,Suspense/Mystery
Glass,Movie,Neutral,Suspense/Mystery
The Sixth Sense,Movie,Neutral,Suspense/Mystery
Unbreakable,Movie,Neutral,Suspense/Mystery
Annihilation,Movie,Neutral,Suspense/Mystery
The OA,Series,Neutral,Suspense/Mystery
Maniac,Series,Neutral,Suspense/Mystery
Devs,Series,Neutral,Suspense/Mystery
Westworld,Movie,Neutral,Suspense/Mystery
Black Mirror,Movie,Neutral,Suspense/Mystery
Paprika,Movie,Neutral,Suspense/Mystery
Perfect Blue,Movie,Neutral,Suspense/Mystery
Solaris,Movie,Neutral,Suspense/Mystery
Jiro Dreams of Sushi,Documentary,Very happy,Uplifting
Jiro Dreams of Sushi,Documentary,Happy,Uplifting
The Salt of the Earth,Documentary,Very happy,Uplifting
The Salt of the Earth,Documentary,Happy,Uplifting
Free Solo,Documentary,Very happy,Uplifting
Free Solo,Documentary,Happy,Uplifting
The Dawn Wall,Documentary,Very happy,Uplifting
The Dawn Wall,Documentary,Happy,Uplifting
Won’t You Be My Neighbor?,Documentary,Very happy,Uplifting
Won’t You Be My Neighbor?,Documentary,Happy,Uplifting
March of the Penguins,Documentary,Very happy,Uplifting
March of the Penguins,Documentary,Happy,Uplifting
Fantastic Fungi,Documentary,Very happy,Uplifting
Fantastic Fungi,Documentary,Happy,Uplifting
The Biggest Little Farm,Documentary,Very happy,Uplifting
The Biggest Little Farm,Documentary,Happy,Uplifting
My Octopus Teacher,Documentary,Very happy,Uplifting
My Octopus Teacher,Documentary,Happy,Uplifting
Life in a Day,Documentary,Very happy,Uplifting
Life in a Day,Documentary,Happy,Uplifting
Fire of Love,Documentary,Very happy,Uplifting
Fire of Love,Documentary,Happy,Uplifting
Jane,Documentary,Very happy,Uplifting
Jane,Documentary,Happy,Uplifting
He Named Me Malala,Documentary,Very happy,Uplifting
He Named Me Malala,Documentary,Happy,Uplifting
I Am Greta,Documentary,Very happy,Uplifting
I Am Greta,Documentary,Happy,Uplifting
14 Peaks,Documentary,Very happy,Uplifting
14 Peaks,Documentary,Happy,Uplifting
Meru,Documentary,Very happy,Uplifting
Meru,Documentary,Happy,Uplifting
Man on Wire,Documentary,Very happy,Uplifting
Man on Wire,Documentary,Happy,Uplifting
Searching for Sugar Man,Documentary,Very happy,Uplifting
Searching for Sugar Man,Documentary,Happy,Uplifting
Buena Vista Social Club,Documentary,Very happy,Uplifting
Buena Vista Social Club,Documentary,Happy,Uplifting
The Alpinist,Documentary,Very happy,Uplifting
The Alpinist,Documentary,Happy,Uplifting
Born to Be Wild,Documentary,Very happy,Uplifting
Born to Be Wild,Documentary,Happy,Uplifting
The Elephant Queen,Documentary,Very happy,Uplifting
The Elephant Queen,Documentary,Happy,Uplifting
Becoming,Documentary,Very happy,Uplifting
Becoming,Documentary,Happy,Uplifting
Inside Bill’s Brain,Documentary,Very happy,Uplifting
Inside Bill’s Brain,Documentary,Happy,Uplifting
Happy (2011),Documentary,Very happy,Uplifting
Happy (2011),Documentary,Happy,Uplifting
Chef's Table,Documentary,Very happy,Uplifting
Chef's Table,Documentary,Happy,Uplifting
Street Food,Documentary,Very happy,Uplifting
Street Food,Documentary,Happy,Uplifting
Abstract,Documentary,Very happy,Uplifting
Abstract,Documentary,Happy,Uplifting
Our Planet,Documentary,Very happy,Uplifting
Our Planet,Documentary,Happy,Uplifting
Planet Earth,Documentary,Very happy,Uplifting
Planet Earth,Documentary,Happy,Uplifting
Blue Planet,Documentary,Very happy,Uplifting
Blue Planet,Documentary,Happy,Uplifting
Apollo 11,Documentary,Very happy,Uplifting
Apollo 11,Documentary,Happy,Uplifting
The Last Dance,Documentary,Very happy,Uplifting
The Last Dance,Documentary,Happy,Uplifting
Pelé,Documentary,Very happy,Uplifting
Pelé,Documentary,Happy,Uplifting
Senna,Documentary,Very happy,Uplifting
Senna,Documentary,Happy,Uplifting
Undefeated,Documentary,Very happy,Uplifting
Undefeated,Documentary,Happy,Uplifting
Hoop Dreams,Documentary,Very happy,Uplifting
Hoop Dreams,Documentary,Happy,Uplifting
Maiden,Documentary,Very happy,Uplifting
Maiden,Documentary,Happy,Uplifting
The Speed Cubers,Documentary,Very happy,Uplifting
The Speed Cubers,Documentary,Happy,Uplifting
Science Fair,Documentary,Very happy,Uplifting
Science Fair,Documentary,Happy,Uplifting
The Boy Who Harnessed the Wind,Documentary,Very happy,Uplifting
The Boy Who Harnessed the Wind,Documentary,Happy,Uplifting
Gunda,Documentary,Very happy,Uplifting
Gunda,Documentary,Happy,Uplifting
Mission Blue,Documentary,Very happy,Uplifting
Mission Blue,Documentary,Happy,Uplifting
Kiss the Ground,Documentary,Very happy,Uplifting
Kiss the Ground,Documentary,Happy,Uplifting
Honeyland,Documentary,Very happy,Uplifting
Honeyland,Documentary,Happy,Uplifting
Every Little Step,Documentary,Very happy,Uplifting
Every Little Step,Documentary,Happy,Uplifting
Waiting for Superman,Documentary,Very happy,Uplifting
Waiting for Superman,Documentary,Happy,Uplifting
IMAX: Hubble,Documentary,Very happy,Uplifting
IMAX: Hubble,Documentary,Happy,Uplifting
The Barkley Marathons,Documentary,Very happy,Uplifting
The Barkley Marathons,Documentary,Happy,Uplifting
Becoming Warren Buffett,Documentary,Very happy,Uplifting
Becoming Warren Buffett,Documentary,Happy,Uplifting
Notes on Blindness,Documentary,Very happy,Uplifting
Notes on Blindness,Documentary,Happy,Uplifting
Faces Places,Documentary,Very happy,Uplifting
Faces Places,Documentary,Happy,Uplifting
Landfill Harmonic,Documentary,Very happy,Uplifting
Landfill Harmonic,Documentary,Happy,Uplifting
Batkid Begins,Documentary,Very happy,Uplifting
Batkid Begins,Documentary,Happy,Uplifting
The Short Game,Documentary,Very happy,Uplifting
The Short Game,Documentary,Happy,Uplifting
The Rescue,Documentary,Very happy,Uplifting
The Rescue,Documentary,Happy,Uplifting
The Kindness Diaries,Documentary,Very happy,Uplifting
The Kindness Diaries,Documentary,Happy,Uplifting
The Elephant Whisperers,Documentary,Very happy,Uplifting
The Elephant Whisperers,Documentary,Happy,Uplifting
Puff: Wonders of the Reef,Documentary,Very happy,Uplifting
Puff: Wonders of the Reef,Documentary,Happy,Uplifting
Chasing Coral,Documentary,Very happy,Uplifting
Chasing Coral,Documentary,Happy,Uplifting
A Life on Our Planet,Documentary,Very happy,Uplifting
A Life on Our Planet,Documentary,Happy,Uplifting
RBG,Documentary,Very happy,Uplifting
RBG,Documentary,Happy,Uplifting
The Year Earth Changed,Documentary,Very happy,Uplifting
The Year Earth Changed,Documentary,Happy,Uplifting
The Redeem Team,Documentary,Very happy,Uplifting
The Redeem Team,Documentary,Happy,Uplifting
Fantastic Mr. Feynman,Documentary,Very happy,Uplifting
Fantastic Mr. Feynman,Documentary,Happy,Uplifting
Make Hummus Not War,Documentary,Happy,Feel-good
Make Hummus Not War,Documentary,Neutral,Feel-good
Super Size Me,Documentary,Happy,Feel-good
Super Size Me,Documentary,Neutral,Feel-good
Somm,Documentary,Happy,Feel-good
Somm,Documentary,Neutral,Feel-good
The Pixar Story,Documentary,Happy,Feel-good
The Pixar Story,Documentary,Neutral,Feel-good
The Toys That Made Us,Documentary,Happy,Feel-good
The Toys That Made Us,Documentary,Neutral,Feel-good
McQueen,Documentary,Happy,Feel-good
McQueen,Documentary,Neutral,Feel-good
Minimalism,Documentary,Happy,Feel-good
Minimalism,Documentary,Neutral,Feel-good
The True Cost,Documentary,Happy,Feel-good
The True Cost,Documentary,Neutral,Feel-good
AlphaGo,Documentary,Happy,Feel-good
AlphaGo,Documentary,Neutral,Feel-good
Free to Play,Documentary,Happy,Feel-good
Free to Play,Documentary,Neutral,Feel-good
Lo and Behold,Documentary,Happy,Feel-good
Lo and Behold,Documentary,Neutral,Feel-good
Indie Game: The Movie,Documentary,Happy,Feel-good
Indie Game: The Movie,Documentary,Neutral,Feel-good
Exit Through the Gift Shop,Documentary,Happy,Feel-good
Exit Through the Gift Shop,Documentary,Neutral,Feel-good
20 Feet From Stardom,Documentary,Happy,Feel-good
20 Feet From Stardom,Documentary,Neutral,Feel-good
The Defiant Ones,Documentary,Happy,Feel-good
The Defiant Ones,Documentary,Neutral,Feel-good
Quincy,Documentary,Happy,Feel-good
Quincy,Documentary,Neutral,Feel-good
Beatles Anthology,Documentary,Happy,Feel-good
Beatles Anthology,Documentary,Neutral,Feel-good
Supersonic,Documentary,Happy,Feel-good
Supersonic,Documentary,Neutral,Feel-good
Amy,Documentary,Happy,Feel-good
Amy,Documentary,Neutral,Feel-good
"What Happened, Miss Simone?",Documentary,Happy,Feel-good
"What Happened, Miss Simone?",Documentary,Neutral,Feel-good
The Yes Men Fix the World,Documentary,Happy,Feel-good
The Yes Men Fix the World,Documentary,Neutral,Feel-good
Fyre,Documentary,Happy,Feel-good
Fyre,Documentary,Neutral,Feel-good
Sour Grapes,Documentary,Happy,Feel-good
Sour Grapes,Documentary,Neutral,Feel-good
The China Hustle,Documentary,Happy,Feel-good
The China Hustle,Documentary,Neutral,Feel-good
The Great Hack,Documentary,Happy,Feel-good
The Great Hack,Documentary,Neutral,Feel-good
Cosmos,Documentary,Happy,Feel-good
Cosmos,Documentary,Neutral,Feel-good
The Mind Explained,Documentary,Happy,Feel-good
The Mind Explained,Documentary,Neutral,Feel-good
Life on Earth,Documentary,Happy,Feel-good
Life on Earth,Documentary,Neutral,Feel-good
Wonders of the Solar System,Documentary,Happy,Feel-good
Wonders of the Solar System,Documentary,Neutral,Feel-good
India’s Daughter,Documentary,Happy,Feel-good
India’s Daughter,Documentary,Neutral,Feel-good
Supermen of Malegaon,Documentary,Happy,Feel-good
Supermen of Malegaon,Documentary,Neutral,Feel-good
Children of Heaven,Documentary,Happy,Feel-good
Children of Heaven,Documentary,Neutral,Feel-good
The Act of Killing,Documentary,Happy,Feel-good
The Act of Killing,Documentary,Neutral,Feel-good
Nostalgia for the Light,Documentary,Happy,Feel-good
Nostalgia for the Light,Documentary,Neutral,Feel-good
HyperNormalisation,Documentary,Happy,Feel-good
HyperNormalisation,Documentary,Neutral,Feel-good
Bowling for Columbine,Documentary,Happy,Feel-good
Bowling for Columbine,Documentary,Neutral,Feel-good
Sicko,Documentary,Happy,Feel-good
Sicko,Documentary,Neutral,Feel-good
Citizenfour,Documentary,Happy,Feel-good
Citizenfour,Documentary,Neutral,Feel-good
Inside North Korea’s Dynasty,Documentary,Happy,Feel-good
Inside North Korea’s Dynasty,Documentary,Neutral,Feel-good
O.J.: Made in America,Documentary,Happy,Feel-good
O.J.: Made in America,Documentary,Neutral,Feel-good
American Factory,Documentary,Happy,Feel-good
American Factory,Documentary,Neutral,Feel-good
Icarus,Documentary,Happy,Feel-good
Icarus,Documentary,Neutral,Feel-good
Three Identical Strangers,Documentary,Happy,Feel-good
Three Identical Strangers,Documentary,Neutral,Feel-good
Amanda Knox,Documentary,Happy,Feel-good
Amanda Knox,Documentary,Neutral,Feel-good
The Staircase,Documentary,Happy,Feel-good
The Staircase,Documentary,Neutral,Feel-good
Making a Murderer,Documentary,Happy,Feel-good
Making a Murderer,Documentary,Neutral,Feel-good
Wild Wild Country,Documentary,Happy,Feel-good
Wild Wild Country,Documentary,Neutral,Feel-good
The Vow,Documentary,Happy,Feel-good
The Vow,Documentary,Neutral,Feel-good
Tiger King,Documentary,Happy,Feel-good
Tiger King,Documentary,Neutral,Feel-good
Val,Documentary,Happy,Feel-good
Val,Documentary,Neutral,Feel-good
Jim & Andy,Documentary,Happy,Feel-good
Jim & Andy,Documentary,Neutral,Feel-good
Shirkers,Documentary,Happy,Feel-good
Shirkers,Documentary,Neutral,Feel-good
Stray,Documentary,Happy,Feel-good
Stray,Documentary,Neutral,Feel-good
Strong Island,Documentary,Happy,Feel-good
Strong Island,Documentary,Neutral,Feel-good
Becoming Cousteau,Documentary,Happy,Feel-good
Becoming Cousteau,Documentary,Neutral,Feel-good
The Truffle Hunters,Documentary,Happy,Feel-good
The Truffle Hunters,Documentary,Neutral,Feel-good
WeWork,Documentary,Happy,Feel-good
WeWork,Documentary,Neutral,Feel-good
White Helmets,Documentary,Happy,Feel-good
White Helmets,Documentary,Neutral,Feel-good
Jumpman,Documentary,Happy,Feel-good
Jumpman,Documentary,Neutral,Feel-good
Baraka,Documentary,Neutral,Informative
Samsara,Documentary,Neutral,Informative
Koyaanisqatsi,Documentary,Neutral,Informative
Human,Documentary,Neutral,Informative
Life in a Day,Documentary,Neutral,Informative
Night on Earth,Documentary,Neutral,Informative
Nanook of the North,Documentary,Neutral,Informative
Man with a Movie Camera,Documentary,Neutral,Informative
Leviathan,Documentary,Neutral,Informative
Cameraperson,Documentary,Neutral,Informative
Minding the Gap,Documentary,Neutral,Informative
The Gleaners & I,Documentary,Neutral,Informative
Grizzly Man,Documentary,Neutral,Informative
Touching the Void,Documentary,Neutral,Informative
Rivers and Tides,Documentary,Neutral,Informative
Encounters at the End of the World,Documentary,Neutral,Informative
Cave of Forgotten Dreams,Documentary,Neutral,Informative
Into the Inferno,Documentary,Neutral,Informative
Lessons of Darkness,Documentary,Neutral,Informative
Manufactured Landscapes,Documentary,Neutral,Informative
The Social Dilemma,Documentary,Neutral,Informative
Helvetica,Documentary,Neutral,Informative
Objectified,Documentary,Neutral,Informative
Urbanized,Documentary,Neutral,Informative
The 4th Revolution,Documentary,Neutral,Informative
Collapse,Documentary,Neutral,Informative
"Food, Inc.",Documentary,Neutral,Informative
The Fog of War,Documentary,Neutral,Informative
Dirty Money,Documentary,Neutral,Informative
The Century of the Self,Documentary,Neutral,Informative
The Power of Nightmares,Documentary,Neutral,Informative
The Trap,Documentary,Neutral,Informative
Tyke Elephant Outlaw,Documentary,Neutral,Informative
Earthlings,Documentary,Neutral,Informative
Blackfish,Documentary,Neutral,Informative
Seaspiracy,Documentary,Neutral,Informative
Cowspiracy,Documentary,Neutral,Informative
The Cove,Documentary,Neutral,Informative
The Family,Documentary,Neutral,Informative
Wormwood,Documentary,Neutral,Informative
The Jinx,Documentary,Neutral,Informative
The Keepers,Documentary,Neutral,Informative
Dirty Wars,Documentary,Neutral,Informative
Enron,Documentary,Neutral,Informative
Going Clear,Documentary,Neutral,Informative
The Armstrong Lie,Documentary,Neutral,Informative
The King of Kong,Documentary,Neutral,Informative
Tyson,Documentary,Neutral,Informative
Manhunt: Unabomber,Documentary,Neutral,Informative
The Thin Blue Line,Documentary,Neutral,Informative
"Harlan County, USA",Documentary,Neutral,Informative
Paris is Burning,Documentary,Neutral,Informative
American Movie,Documentary,Neutral,Informative
Crumb,Documentary,Neutral,Informative
Gimme Shelter,Documentary,Neutral,Informative
Stop Making Sense,Documentary,Neutral,Informative
Shine a Light,Documentary,Neutral,Informative
Leonard Cohen: I’m Your Man,Documentary,Neutral,Informative
Sound City,Documentary,Neutral,Informative
Cartel Land,Documentary,Neutral,Informative
City of Ghosts,Documentary,Neutral,Informative
Restrepo,Documentary,Neutral,Informative
The Square,Documentary,Neutral,Informative
Winter on Fire,Documentary,Neutral,Informative
Welcome to Chechnya,Documentary,Neutral,Informative
Athlete A,Documentary,Neutral,Informative
The Propaganda Game,Documentary,Neutral,Informative
Dear Zachary,Documentary,Sad,Emotional
Dear Zachary,Documentary,Neutral,Emotional
The Cove,Documentary,Sad,Emotional
Blackfish,Documentary,Sad,Emotional
Earthlings,Documentary,Sad,Emotional
Amy,Documentary,Sad,Emotional
13th,Documentary,Sad,Emotional
13th,Documentary,Neutral,Emotional
Time (2020),Documentary,Sad,Emotional
Time (2020),Documentary,Neutral,Emotional
Strong Island,Documentary,Sad,Emotional
The Act of Killing,Documentary,Sad,Emotional
The Look of Silence,Documentary,Sad,Emotional
The Look of Silence,Documentary,Neutral,Emotional
Shoah,Documentary,Sad,Emotional
Shoah,Documentary,Neutral,Emotional
S-21,Documentary,Sad,Emotional
S-21,Documentary,Neutral,Emotional
Auschwitz,Documentary,Sad,Emotional
Auschwitz,Documentary,Neutral,Emotional
Night and Fog,Documentary,Sad,Emotional
Night and Fog,Documentary,Neutral,Emotional
The Missing Picture,Documentary,Sad,Emotional
The Missing Picture,Documentary,Neutral,Emotional
Restrepo,Documentary,Sad,Emotional
City of Ghosts,Documentary,Sad,Emotional
Cartel Land,Documentary,Sad,Emotional
Winter on Fire,Documentary,Sad,Emotional
The Square,Documentary,Sad,Emotional
Virunga,Documentary,Sad,Emotional
Virunga,Documentary,Neutral,Emotional
Born into Brothels,Documentary,Sad,Emotional
Born into Brothels,Documentary,Neutral,Emotional
Children Underground,Documentary,Sad,Emotional
Children Underground,Documentary,Neutral,Emotional
Invisible Children,Documentary,Sad,Emotional
Invisible Children,Documentary,Neutral,Emotional
Life and Debt,Documentary,Sad,Emotional
Life and Debt,Documentary,Neutral,Emotional
How to Survive a Plague,Documentary,Sad,Emotional
How to Survive a Plague,Documentary,Neutral,Emotional
We Were Here,Documentary,Sad,Emotional
We Were Here,Documentary,Neutral,Emotional
5 Broken Cameras,Documentary,Sad,Emotional
5 Broken Cameras,Documentary,Neutral,Emotional
The Gatekeepers,Documentary,Sad,Emotional
The Gatekeepers,Documentary,Neutral,Emotional
The Trials of Henry Kissinger,Documentary,Sad,Emotional
The Trials of Henry Kissinger,Documentary,Neutral,Emotional
Bowling for Columbine,Documentary,Sad,Emotional
Fahrenheit 9/11,Documentary,Sad,Emotional
Fahrenheit 9/11,Documentary,Neutral,Emotional
Going Clear,Documentary,Sad,Emotional
Dear America,Documentary,Sad,Emotional
Dear America,Documentary,Neutral,Emotional
The Vietnam War,Documentary,Sad,Emotional
The Vietnam War,Documentary,Neutral,Emotional
The Thin Blue Line,Documentary,Sad,Emotional
The Farm,Documentary,Sad,Emotional
The Farm,Documentary,Neutral,Emotional
The Central Park Five,Documentary,Sad,Emotional
The Central Park Five,Documentary,Neutral,Emotional
The Staircase,Documentary,Sad,Emotional
Making a Murderer,Documentary,Sad,Emotional
Three Identical Strangers,Documentary,Sad,Emotional
Amanda Knox,Documentary,Sad,Emotional
Who Killed Garrett Phillips,Documentary,Sad,Emotional
Who Killed Garrett Phillips,Documentary,Neutral,Emotional
The Keepers,Documentary,Sad,Emotional
Tell Me Who I Am,Documentary,Sad,Emotional
Tell Me Who I Am,Documentary,Neutral,Emotional
For Sama,Documentary,Sad,Emotional
For Sama,Documentary,Neutral,Emotional
The White Helmets,Documentary,Sad,Emotional
The White Helmets,Documentary,Neutral,Emotional
The Bleeding Edge,Documentary,Sad,Emotional
The Bleeding Edge,Documentary,Neutral,Emotional
The Hunting Ground,Documentary,Sad,Emotional
The Hunting Ground,Documentary,Neutral,Emotional
The Invisible War,Documentary,Sad,Emotional
The Invisible War,Documentary,Neutral,Emotional
India’s Daughter,Documentary,Sad,Emotional
Leaving Neverland,Documentary,Sad,Emotional
Leaving Neverland,Documentary,Neutral,Emotional
Surviving R. Kelly,Documentary,Sad,Emotional
Surviving R. Kelly,Documentary,Neutral,Emotional
The Disappearance of Madeleine McCann,Documentary,Sad,Emotional
The Disappearance of Madeleine McCann,Documentary,Neutral,Emotional
Hostages,Documentary,Sad,Emotional
Hostages,Documentary,Neutral,Emotional
Tickling Giants,Documentary,Sad,Emotional
Tickling Giants,Documentary,Neutral,Emotional
The Last Man on the Moon,Documentary,Sad,Emotional
The Last Man on the Moon,Documentary,Neutral,Emotional
Hunger Ward,Documentary,Sad,Emotional
Hunger Ward,Documentary,Neutral,Emotional
Collective,Documentary,Sad,Emotional
Collective,Documentary,Neutral,Emotional
Hell and Back Again,Documentary,Sad,Emotional
Hell and Back Again,Documentary,Neutral,Emotional
The Bridge,Documentary,Sad,Emotional
The Bridge,Documentary,Neutral,Emotional
The Suicide Tourist,Documentary,Sad,Emotional
The Suicide Tourist,Documentary,Neutral,Emotional
Grizzly Man,Documentary,Sad,Emotional
Touching the Void,Documentary,Sad,Emotional
The Summit,Documentary,Sad,Emotional
The Summit,Documentary,Neutral,Emotional
Into the Abyss,Documentary,Sad,Emotional
Into the Abyss,Documentary,Neutral,Emotional
Cries from Syria,Documentary,Sad,Emotional
Cries from Syria,Documentary,Neutral,Emotional
Last Men in Aleppo,Documentary,Sad,Emotional
Last Men in Aleppo,Documentary,Neutral,Emotional
The Work,Documentary,Sad,Emotional
The Work,Documentary,Neutral,Emotional
A Lion in the House,Documentary,Sad,Emotional
A Lion in the House,Documentary,Neutral,Emotional
The Road to Guantanamo,Documentary,Sad,Emotional
The Road to Guantanamo,Documentary,Neutral,Emotional
The Waiting Room,Documentary,Sad,Emotional
The Waiting Room,Documentary,Neutral,Emotional
Evelyn,Documentary,Sad,Emotional
Evelyn,Documentary,Neutral,Emotional
Mommy Dead and Dearest,Documentary,Sad,Emotional
Mommy Dead and Dearest,Documentary,Neutral,Emotional
Beware the Slenderman,Documentary,Sad,Emotional
Beware the Slenderman,Documentary,Neutral,Emotional
Jim: The James Foley Story,Documentary,Sad,Emotional
Jim: The James Foley Story,Documentary,Neutral,Emotional
112 Weddings,Documentary,Sad,Emotional
112 Weddings,Documentary,Neutral,Emotional
I Am Another You,Documentary,Sad,Emotional
I Am Another You,Documentary,Neutral,Emotional
The Dying Rooms,Documentary,Sad,Emotional
The Dying Rooms,Documentary,Neutral,Emotional
The Wolfpack,Documentary,Sad,Emotional
The Wolfpack,Documentary,Neutral,Emotional
Far from the Tree,Documentary,Sad,Emotional
Far from the Tree,Documentary,Neutral,Emotional
Tarnation,Documentary,Sad,Emotional
Tarnation,Documentary,Neutral,Emotional
Stories We Tell,Documentary,Sad,Emotional
Stories We Tell,Documentary,Neutral,Emotional
Unrest,Documentary,Sad,Emotional
Unrest,Documentary,Neutral,Emotional
Gleason,Documentary,Sad,Emotional
Gleason,Documentary,Neutral,Emotional
Dear Zachary,Documentary,Very sad,Heavy
Shoah,Documentary,Very sad,Heavy
Night and Fog,Documentary,Very sad,Heavy
S-21,Documentary,Very sad,Heavy
The Missing Picture,Documentary,Very sad,Heavy
The Look of Silence,Documentary,Very sad,Heavy
The Act of Killing,Documentary,Very sad,Heavy
For Sama,Documentary,Very sad,Heavy
Hunger Ward,Documentary,Very sad,Heavy
Last Men in Aleppo,Documentary,Very sad,Heavy
Cries from Syria,Documentary,Very sad,Heavy
The Bridge,Documentary,Very sad,Heavy
The Suicide Tourist,Documentary,Very sad,Heavy
Leaving Neverland,Documentary,Very sad,Heavy
Surviving R. Kelly,Documentary,Very sad,Heavy
The Trials of Henry Kissinger,Documentary,Very sad,Heavy
The Fog of War,Documentary,Very sad,Heavy
The Fog of War,Documentary,Sad,Heavy
The Farm,Documentary,Very sad,Heavy
Dear America,Documentary,Very sad,Heavy
Long Night’s Journey Into Day,Documentary,Very sad,Heavy
Long Night’s Journey Into Day,Documentary,Sad,Heavy
The Dying Rooms,Documentary,Very sad,Heavy
The Killing Fields,Documentary,Very sad,Heavy
The Killing Fields,Documentary,Sad,Heavy
Invisible War,Documentary,Very sad,Heavy
Invisible War,Documentary,Sad,Heavy
The Hunting Ground,Documentary,Very sad,Heavy
India’s Daughter,Documentary,Very sad,Heavy
One Child Nation,Documentary,Very sad,Heavy
One Child Nation,Documentary,Sad,Heavy
5 Broken Cameras,Documentary,Very sad,Heavy
The White Helmets,Documentary,Very sad,Heavy
Born into Brothels,Documentary,Very sad,Heavy
Children Underground,Documentary,Very sad,Heavy
Who Killed Garrett Phillips,Documentary,Very sad,Heavy
Tell Me Who I Am,Documentary,Very sad,Heavy
The Keepers,Documentary,Very sad,Heavy
Three Identical Strangers,Documentary,Very sad,Heavy
Casting JonBenet,Documentary,Very sad,Heavy
Casting JonBenet,Documentary,Sad,Heavy
Amanda Knox,Documentary,Very sad,Heavy
The Central Park Five,Documentary,Very sad,Heavy
Paradise Lost Trilogy,Documentary,Very sad,Heavy
Paradise Lost Trilogy,Documentary,Sad,Heavy
Deliver Us From Evil,Documentary,Very sad,Heavy
Deliver Us From Evil,Documentary,Sad,Heavy
The Disappearance of Madeleine McCann,Documentary,Very sad,Heavy
The Family I Had,Documentary,Very sad,Heavy
The Family I Had,Documentary,Sad,Heavy
Mommy Dead and Dearest,Documentary,Very sad,Heavy
The Work,Documentary,Very sad,Heavy
A Lion in the House,Documentary,Very sad,Heavy
Tarnation,Documentary,Very sad,Heavy
Boy Interrupted,Documentary,Very sad,Heavy
Boy Interrupted,Documentary,Sad,Heavy
Minding the Gap,Documentary,Very sad,Heavy
Minding the Gap,Documentary,Sad,Heavy
Strong Island,Documentary,Very sad,Heavy
Stories We Tell,Documentary,Very sad,Heavy
The Wolfpack,Documentary,Very sad,Heavy
City of Ghosts,Documentary,Very sad,Heavy
Restrepo,Documentary,Very sad,Heavy
Hell and Back Again,Documentary,Very sad,Heavy
The Square,Documentary,Very sad,Heavy
Winter on Fire,Documentary,Very sad,Heavy
Cartel Land,Documentary,Very sad,Heavy
Virunga,Documentary,Very sad,Heavy
Gaza Fights for Freedom,Documentary,Very sad,Heavy
Gaza Fights for Freedom,Documentary,Sad,Heavy
The Silent War,Documentary,Very sad,Heavy
The Silent War,Documentary,Sad,Heavy
Unrest,Documentary,Very sad,Heavy
The Last Days,Documentary,Very sad,Heavy
The Last Days,Documentary,Sad,Heavy
Auschwitz,Documentary,Very sad,Heavy
The Holocaust,Documentary,Very sad,Heavy
The Holocaust,Documentary,Sad,Heavy
Hearts and Minds,Documentary,Very sad,Heavy
Hearts and Minds,Documentary,Sad,Heavy
Srebrenica,Documentary,Very sad,Heavy
Srebrenica,Documentary,Sad,Heavy
The Anatomy of Hate,Documentary,Very sad,Heavy
The Anatomy of Hate,Documentary,Sad,Heavy
A Cry for Help,Documentary,Very sad,Heavy
A Cry for Help,Documentary,Sad,Heavy
Juvies,Documentary,Very sad,Heavy
Juvies,Documentary,Sad,Heavy
Into the Abyss,Documentary,Very sad,Heavy
Blackfish,Documentary,Very sad,Heavy
Earthlings,Documentary,Very sad,Heavy
Seaspiracy,Documentary,Very sad,Heavy
Seaspiracy,Documentary,Sad,Heavy
Cowspiracy,Documentary,Very sad,Heavy
Cowspiracy,Documentary,Sad,Heavy
The Ivory Game,Documentary,Very sad,Heavy
The Ivory Game,Documentary,Sad,Heavy
The Game Changers,Documentary,Very sad,Heavy
The Game Changers,Documentary,Sad,Heavy
The Crash Reel,Documentary,Very sad,Heavy
The Crash Reel,Documentary,Sad,Heavy
Gleason,Documentary,Very sad,Heavy
The Road to Guantanamo,Documentary,Very sad,Heavy
The Cleaners,Documentary,Very sad,Heavy
The Cleaners,Documentary,Sad,Heavy
A Cambodian Spring,Documentary,Very sad,Heavy
A Cambodian Spring,Documentary,Sad,Heavy
Zeitoun,Documentary,Very sad,Heavy
Zeitoun,Documentary,Sad,Heavy
112 Weddings,Documentary,Very sad,Heavy
When the Levees Broke,Documentary,Very sad,Heavy
When the Levees Broke,Documentary,Sad,Heavy
It Felt Like a Kiss,Documentary,Very sad,Heavy
It Felt Like a Kiss,Documentary,Sad,Heavy
16 Shots,Documentary,Very sad,Heavy
16 Shots,Documentary,Sad,Heavy
I Am Another You,Documentary,Very sad,Heavy
The Death and Life of Marsha P. Johnson,Documentary,Very sad,Heavy
The Death and Life of Marsha P. Johnson,Documentary,Sad,Heavy
Ted Lasso,Series,Very happy,Wholesome
Ted Lasso,Series,Happy,Wholesome
Parks and Recreation,Series,Very happy,Wholesome
Parks and Recreation,Series,Happy,Wholesome
The Good Place,Series,Very happy,Wholesome
The Good Place,Series,Happy,Wholesome
Brooklyn Nine-Nine,Series,Very happy,Wholesome
Brooklyn Nine-Nine,Series,Happy,Wholesome
Modern Family,Series,Very happy,Wholesome
Modern Family,Series,Happy,Wholesome
Schitt’s Creek,Series,Very happy,Wholesome
Schitt’s Creek,Series,Happy,Wholesome
Friends,Series,Very happy,Wholesome
Friends,Series,Happy,Wholesome
How I Met Your Mother,Series,Very happy,Wholesome
How I Met Your Mother,Series,Happy,Wholesome
Kim’s Convenience,Series,Very happy,Wholesome
Kim’s Convenience,Series,Happy,Wholesome
The Marvelous Mrs. Maisel,Series,Very happy,Wholesome
The Marvelous Mrs. Maisel,Series,Happy,Wholesome
Young Sheldon,Series,Very happy,Wholesome
Young Sheldon,Series,Happy,Wholesome
Master of None,Series,Very happy,Wholesome
Master of None,Series,Happy,Wholesome
Jane the Virgin,Series,Very happy,Wholesome
Jane the Virgin,Series,Happy,Wholesome
The Great British Bake Off,Series,Very happy,Wholesome
The Great British Bake Off,Series,Happy,Wholesome
Clarkson’s Farm,Series,Very happy,Wholesome
Clarkson’s Farm,Series,Happy,Wholesome
Queer Eye,Series,Very happy,Wholesome
Queer Eye,Series,Happy,Wholesome
Atypical,Series,Very happy,Wholesome
Atypical,Series,Happy,Wholesome
Heartstopper,Series,Very happy,Wholesome
Heartstopper,Series,Happy,Wholesome
Never Have I Ever,Series,Very happy,Wholesome
Never Have I Ever,Series,Happy,Wholesome
Dash & Lily,Series,Very happy,Wholesome
Dash & Lily,Series,Happy,Wholesome
Emily in Paris,Series,Very happy,Wholesome
Emily in Paris,Series,Happy,Wholesome
Grace and Frankie,Series,Very happy,Wholesome
Grace and Frankie,Series,Happy,Wholesome
The Office (US),Series,Very happy,Wholesome
The Office (US),Series,Happy,Wholesome
Arrested Development,Series,Very happy,Wholesome
Arrested Development,Series,Happy,Wholesome
30 Rock,Series,Very happy,Wholesome
30 Rock,Series,Happy,Wholesome
Mythic Quest,Series,Very happy,Wholesome
Mythic Quest,Series,Happy,Wholesome
Unbreakable Kimmy Schmidt,Series,Very happy,Wholesome
Unbreakable Kimmy Schmidt,Series,Happy,Wholesome
High School Musical: TM,Series,Very happy,Wholesome
High School Musical: TM,Series,Happy,Wholesome
Sweet Tooth,Series,Very happy,Wholesome
Sweet Tooth,Series,Happy,Wholesome
Extraordinary Attorney Woo,Series,Very happy,Wholesome
Extraordinary Attorney Woo,Series,Happy,Wholesome
Reply 1988,Series,Very happy,Wholesome
Reply 1988,Series,Happy,Wholesome
Crash Landing on You,Series,Very happy,Wholesome
Crash Landing on You,Series,Happy,Wholesome
Hometown Cha Cha Cha,Series,Very happy,Wholesome
Hometown Cha Cha Cha,Series,Happy,Wholesome
Weightlifting Fairy Kim Bok Joo,Series,Very happy,Wholesome
Weightlifting Fairy Kim Bok Joo,Series,Happy,Wholesome
Hospital Playlist,Series,Very happy,Wholesome
Hospital Playlist,Series,Happy,Wholesome
Kota Factory,Series,Very happy,Wholesome
Kota Factory,Series,Happy,Wholesome
Panchayat,Series,Very happy,Wholesome
Panchayat,Series,Happy,Wholesome
Gullak,Series,Very happy,Wholesome
Gullak,Series,Happy,Wholesome
Little Things,Series,Very happy,Wholesome
Little Things,Series,Happy,Wholesome
TVF Pitchers,Series,Very happy,Wholesome
TVF Pitchers,Series,Happy,Wholesome
The Good Doctor,Series,Very happy,Wholesome
The Good Doctor,Series,Happy,Wholesome
Bluey,Series,Very happy,Wholesome
Bluey,Series,Happy,Wholesome
Avatar: The Last Airbender,Series,Very happy,Wholesome
Avatar: The Last Airbender,Series,Happy,Wholesome
Anne with an E,Series,Very happy,Wholesome
Anne with an E,Series,Happy,Wholesome
The End of the F***ing World,Series,Very happy,Wholesome
The End of the F***ing World,Series,Happy,Wholesome
Fleabag,Series,Very happy,Wholesome
Fleabag,Series,Happy,Wholesome
Only Murders in the Building,Series,Very happy,Wholesome
Only Murders in the Building,Series,Happy,Wholesome
Psych,Series,Very happy,Wholesome
Psych,Series,Happy,Wholesome
Monk,Series,Very happy,Wholesome
Monk,Series,Happy,Wholesome
The Muppets,Series,Very happy,Wholesome
The Muppets,Series,Happy,Wholesome
The Big Bang Theory,Series,Happy,Light
The Big Bang Theory,Series,Neutral,Light
New Girl,Series,Happy,Light
New Girl,Series,Neutral,Light
Community,Series,Happy,Light
Community,Series,Neutral,Light
The IT Crowd,Series,Happy,Light
The IT Crowd,Series,Neutral,Light
Marvellous Mrs. Maisel,Series,Happy,Light
Marvellous Mrs. Maisel,Series,Neutral,Light
The Mindy Project,Series,Happy,Light
The Mindy Project,Series,Neutral,Light
Superstore,Series,Happy,Light
Superstore,Series,Neutral,Light
The Umbrella Academy,Series,Happy,Light
The Umbrella Academy,Series,Neutral,Light
Gilmore Girls,Series,Happy,Light
Gilmore Girls,Series,Neutral,Light
Alexa & Katie,Series,Happy,Light
Alexa & Katie,Series,Neutral,Light
Kim’s Convenience,Series,Neutral,Light
Unbreakable Kimmy Schmidt,Series,Neutral,Light
Shrinking,Series,Happy,Light
Shrinking,Series,Neutral,Light
Starstruck,Series,Happy,Light
Starstruck,Series,Neutral,Light
Man With a Plan,Series,Happy,Light
Man With a Plan,Series,Neutral,Light
The Bold Type,Series,Happy,Light
The Bold Type,Series,Neutral,Light
Lovesick,Series,Happy,Light
Lovesick,Series,Neutral,Light
Atlanta,Series,Happy,Light
Atlanta,Series,Neutral,Light
Ramy,Series,Happy,Light
Ramy,Series,Neutral,Light
Barry,Series,Happy,Light
Barry,Series,Neutral,Light
Peacemaker,Series,Happy,Light
Peacemaker,Series,Neutral,Light
Loki,Series,Happy,Light
Loki,Series,Neutral,Light
Hawkeye,Series,Happy,Light
Hawkeye,Series,Neutral,Light
Ms. Marvel,Series,Happy,Light
Ms. Marvel,Series,Neutral,Light
Doctor Who,Series,Happy,Light
Doctor Who,Series,Neutral,Light
Good Omens,Series,Happy,Light
Good Omens,Series,Neutral,Light
Merlin,Series,Happy,Light
Merlin,Series,Neutral,Light
Young Royals,Series,Happy,Light
Young Royals,Series,Neutral,Light
Sex Education,Series,Happy,Light
Sex Education,Series,Neutral,Light
On My Block,Series,Happy,Light
On My Block,Series,Neutral,Light
The Middle,Series,Happy,Light
The Middle,Series,Neutral,Light
Malcolm in the Middle,Series,Happy,Light
Malcolm in the Middle,Series,Neutral,Light
Ugly Betty,Series,Happy,Light
Ugly Betty,Series,Neutral,Light
The Fresh Prince of Bel-Air,Series,Happy,Light
The Fresh Prince of Bel-Air,Series,Neutral,Light
Fawlty Towers,Series,Happy,Light
Fawlty Towers,Series,Neutral,Light
Seinfeld,Series,Happy,Light
Seinfeld,Series,Neutral,Light
Everybody Loves Raymond,Series,Happy,Light
Everybody Loves Raymond,Series,Neutral,Light
Two and a Half Men,Series,Happy,Light
Two and a Half Men,Series,Neutral,Light
Happy Endings,Series,Happy,Light
Happy Endings,Series,Neutral,Light
Episodes,Series,Happy,Light
Episodes,Series,Neutral,Light
Man vs Bee,Series,Happy,Light
Man vs Bee,Series,Neutral,Light
Chuck,Series,Happy,Light
Chuck,Series,Neutral,Light
Scrubs,Series,Happy,Light
Scrubs,Series,Neutral,Light
Psych,Series,Neutral,Light
Monk,Series,Neutral,Light
Zoey’s Extraordinary Playlist,Series,Happy,Light
Zoey’s Extraordinary Playlist,Series,Neutral,Light
Jury Duty,Series,Happy,Light
Jury Duty,Series,Neutral,Light
The Afterparty,Series,Happy,Light
The Afterparty,Series,Neutral,Light
Upload,Series,Happy,Light
Upload,Series,Neutral,Light
Red Oaks,Series,Happy,Light
Red Oaks,Series,Neutral,Light
Mad Men,Series,Neutral,Gripping
The Crown,Series,Neutral,Gripping
Succession,Series,Neutral,Gripping
House of Cards,Series,Neutral,Gripping
Better Call Saul,Series,Neutral,Gripping
Breaking Bad,Series,Neutral,Gripping
Mindhunter,Series,Neutral,Gripping
True Detective,Series,Neutral,Gripping
Ozark,Series,Neutral,Gripping
Narcos,Series,Neutral,Gripping
The Wire,Series,Neutral,Gripping
Fargo,Series,Neutral,Gripping
Sherlock,Series,Neutral,Gripping
Luther,Series,Neutral,Gripping
Slow Horses,Series,Neutral,Gripping
Mr. Robot,Series,Neutral,Gripping
Broadchurch,Series,Neutral,Gripping
The Night Agent,Series,Neutral,Gripping
Westworld,Series,Neutral,Gripping
Severance,Series,Neutral,Gripping
Line of Duty,Series,Neutral,Gripping
Fauda,Series,Neutral,Gripping
Delhi Crime,Series,Neutral,Gripping
Paatal Lok,Series,Neutral,Gripping
Asur,Series,Neutral,Gripping
Criminal Justice,Series,Neutral,Gripping
Sacred Games,Series,Neutral,Gripping
Le Bureau,Series,Neutral,Gripping
Borgen,Series,Neutral,Gripping
Money Heist,Series,Neutral,Gripping
Lupin,Series,Neutral,Gripping
Babylon Berlin,Series,Neutral,Gripping
Gomorrah,Series,Neutral,Gripping
Peaky Blinders,Series,Neutral,Gripping
Black Mirror,Series,Neutral,Gripping
The Sinner,Series,Neutral,Gripping
The Outsider,Series,Neutral,Gripping
Giri/Haji,Series,Neutral,Gripping
Happy Valley,Series,Neutral,Gripping
Taboo,Series,Neutral,Gripping
Rectify,Series,Neutral,Gripping
The Leftovers,Series,Sad,Drama
The Leftovers,Series,Neutral,Drama
BoJack Horseman,Series,Sad,Drama
BoJack Horseman,Series,Neutral,Drama
Fleabag (S1),Series,Sad,Drama
Fleabag (S1),Series,Neutral,Drama
Black Mirror,Series,Sad,Drama
When They See Us,Series,Sad,Drama
When They See Us,Series,Neutral,Drama
Chernobyl,Series,Sad,Drama
Chernobyl,Series,Neutral,Drama
It’s Okay to Not Be Okay,Series,Sad,Drama
It’s Okay to Not Be Okay,Series,Neutral,Drama
This Is Us,Series,Sad,Drama
This Is Us,Series,Neutral,Drama
After Life,Series,Sad,Drama
After Life,Series,Neutral,Drama
Maid,Series,Sad,Drama
Maid,Series,Neutral,Drama
Euphoria,Series,Sad,Drama
Euphoria,Series,Neutral,Drama
Normal People,Series,Sad,Drama
Normal People,Series,Neutral,Drama
A Million Little Things,Series,Sad,Drama
A Million Little Things,Series,Neutral,Drama
13 Reasons Why,Series,Sad,Drama
13 Reasons Why,Series,Neutral,Drama
Sharp Objects,Series,Sad,Drama
Sharp Objects,Series,Neutral,Drama
The Handmaid’s Tale,Series,Sad,Drama
The Handmaid’s Tale,Series,Neutral,Drama
Unbelievable,Series,Sad,Drama
Unbelievable,Series,Neutral,Drama
Years and Years,Series,Sad,Drama
Years and Years,Series,Neutral,Drama
Patrick Melrose,Series,Sad,Drama
Patrick Melrose,Series,Neutral,Drama
Unorthodox,Series,Sad,Drama
Unorthodox,Series,Neutral,Drama
Unforgotten,Series,Sad,Drama
Unforgotten,Series,Neutral,Drama
Atypical,Series,Sad,Drama
Atypical,Series,Neutral,Drama
The Family Man S2,Series,Sad,Drama
The Family Man S2,Series,Neutral,Drama
Paatal Lok,Series,Sad,Drama
Delhi Crime S2,Series,Sad,Drama
Delhi Crime S2,Series,Neutral,Drama
The Haunting of Bly Manor,Series,Sad,Drama
The Haunting of Bly Manor,Series,Neutral,Drama
Midnight Mass,Series,Sad,Drama
Midnight Mass,Series,Neutral,Drama
Dark,Series,Sad,Drama
The Pacific,Series,Sad,Drama
The Pacific,Series,Neutral,Drama
Band of Brothers,Series,Sad,Drama
Band of Brothers,Series,Neutral,Drama
The Night Of,Series,Sad,Drama
The Night Of,Series,Neutral,Drama
Mare of Easttown,Series,Sad,Drama
Mare of Easttown,Series,Neutral,Drama
Scenes from a Marriage,Series,Sad,Drama
Scenes from a Marriage,Series,Neutral,Drama
True Detective S3,Series,Sad,Drama
True Detective S3,Series,Neutral,Drama
Mindhunter,Series,Sad,Drama
Ozark,Series,Sad,Drama
Breaking Bad,Series,Sad,Drama
Better Call Saul,Series,Sad,Drama
The Crown,Series,Sad,Drama
Peaky Blinders,Series,Sad,Drama
The Last of Us,Series,Sad,Drama
The Last of Us,Series,Neutral,Drama
The English Game,Series,Sad,Drama
The English Game,Series,Neutral,Drama
The End of the F***ing World,Series,Sad,Drama
The End of the F***ing World,Series,Neutral,Drama
The Rain,Series,Sad,Drama
The Rain,Series,Neutral,Drama
1883,Series,Sad,Drama
1883,Series,Neutral,Drama
Station Eleven,Series,Sad,Drama
Station Eleven,Series,Neutral,Drama
Rectify,Series,Sad,Drama
Breathe (India),Series,Sad,Drama
Breathe (India),Series,Neutral,Drama
Flowers,Series,Sad,Drama
Flowers,Series,Neutral,Drama
A Girl from Nowhere,Series,Sad,Drama
A Girl from Nowhere,Series,Neutral,Drama
The Leftovers,Series,Very sad,Tragedy
Atypical,Series,Very sad,Tragedy
It’s Okay to Not Be Okay,Series,Very sad,Tragedy
My Mister,Series,Very sad,Tragedy
My Mister,Series,Sad,Tragedy
Move to Heaven,Series,Very sad,Tragedy
Move to Heaven,Series,Sad,Tragedy
Navillera,Series,Very sad,Tragedy
Navillera,Series,Sad,Tragedy
An Incurable Case of Love,Series,Very sad,Tragedy
An Incurable Case of Love,Series,Sad,Tragedy
Unbelievable,Series,Very sad,Tragedy
Breaking Bad,Series,Very sad,Tragedy
Better Call Saul,Series,Very sad,Tragedy
When They See Us,Series,Very sad,Tragedy
13 Reasons Why,Series,Very sad,Tragedy
Chernobyl,Series,Very sad,Tragedy
The Handmaid’s Tale,Series,Very sad,Tragedy
Mare of Easttown,Series,Very sad,Tragedy
Sharp Objects,Series,Very sad,Tragedy
Unorthodox,Series,Very sad,Tragedy
Band of Brothers,Series,Very sad,Tragedy
The Pacific,Series,Very sad,Tragedy
The Night Of,Series,Very sad,Tragedy
Years and Years,Series,Very sad,Tragedy
The Act,Series,Very sad,Tragedy
The Act,Series,Sad,Tragedy
True Detective S1,Series,Very sad,Tragedy
True Detective S1,Series,Sad,Tragedy
Rectify,Series,Very sad,Tragedy
Six Feet Under,Series,Very sad,Tragedy
Six Feet Under,Series,Sad,Tragedy
Euphoria,Series,Very sad,Tragedy
A Million Little Things,Series,Very sad,Tragedy
After Life,Series,Very sad,Tragedy
Scenes from a Marriage,Series,Very sad,Tragedy
Normal People,Series,Very sad,Tragedy
Station Eleven,Series,Very sad,Tragedy
Midnight Mass,Series,Very sad,Tragedy
The Haunting of Bly Manor,Series,Very sad,Tragedy
Dark,Series,Very sad,Tragedy
The OA,Series,Very sad,Tragedy
The OA,Series,Sad,Tragedy
Flowers,Series,Very sad,Tragedy
My Brilliant Friend,Series,Very sad,Tragedy
My Brilliant Friend,Series,Sad,Tragedy
The Queen’s Gambit,Series,Very sad,Tragedy
The Queen’s Gambit,Series,Sad,Tragedy
Dear Child,Series,Very sad,Tragedy
Dear Child,Series,Sad,Tragedy
Your Honor,Series,Very sad,Tragedy
Your Honor,Series,Sad,Tragedy
Black Bird,Series,Very sad,Tragedy
Black Bird,Series,Sad,Tragedy
Hostages,Series,Very sad,Tragedy
Hostages,Series,Sad,Tragedy
Kaafir,Series,Very sad,Tragedy
Kaafir,Series,Sad,Tragedy
School Tales,Series,Very sad,Tragedy
School Tales,Series,Sad,Tragedy
Typewriter,Series,Very sad,Tragedy
Typewriter,Series,Sad,Tragedy
Delhi Crime S2,Series,Very sad,Tragedy
Paatal Lok,Series,Very sad,Tragedy
Asur,Series,Very sad,Tragedy
Asur,Series,Sad,Tragedy
Giri/Haji,Series,Very sad,Tragedy
Giri/Haji,Series,Sad,Tragedy
Piper,Short Film,Very happy,Inspiring
Piper,Short Film,Happy,Inspiring
Bao,Short Film,Very happy,Inspiring
Bao,Short Film,Happy,Inspiring
La Luna,Short Film,Very happy,Inspiring
La Luna,Short Film,Happy,Inspiring
Lava,Short Film,Very happy,Inspiring
Lava,Short Film,Happy,Inspiring
For the Birds,Short Film,Very happy,Inspiring
For the Birds,Short Film,Happy,Inspiring
Feast,Short Film,Very happy,Inspiring
Feast,Short Film,Happy,Inspiring
Blue Umbrella,Short Film,Very happy,Inspiring
Blue Umbrella,Short Film,Happy,Inspiring
Kitbull,Short Film,Very happy,Inspiring
Kitbull,Short Film,Happy,Inspiring
Burrow,Short Film,Very happy,Inspiring
Burrow,Short Film,Happy,Inspiring
Wind,Short Film,Very happy,Inspiring
Wind,Short Film,Happy,Inspiring
Float,Short Film,Very happy,Inspiring
Float,Short Film,Happy,Inspiring
Loop,Short Film,Very happy,Inspiring
Loop,Short Film,Happy,Inspiring
Out,Short Film,Very happy,Inspiring
Out,Short Film,Happy,Inspiring
Inner Workings,Short Film,Very happy,Inspiring
Inner Workings,Short Film,Happy,Inspiring
Us Again,Short Film,Very happy,Inspiring
Us Again,Short Film,Happy,Inspiring
Paperman,Short Film,Very happy,Inspiring
Paperman,Short Film,Happy,Inspiring
Dear Basketball,Short Film,Very happy,Inspiring
Dear Basketball,Short Film,Happy,Inspiring
Hair Love,Short Film,Very happy,Inspiring
Hair Love,Short Film,Happy,Inspiring
The Present,Short Film,Very happy,Inspiring
The Present,Short Film,Happy,Inspiring
Coin Operated,Short Film,Very happy,Inspiring
Coin Operated,Short Film,Happy,Inspiring
Snack Attack,Short Film,Very happy,Inspiring
Snack Attack,Short Film,Happy,Inspiring
Changing Batteries,Short Film,Very happy,Inspiring
Changing Batteries,Short Film,Happy,Inspiring
Alike,Short Film,Very happy,Inspiring
Alike,Short Film,Happy,Inspiring
The Black Hole,Short Film,Very happy,Inspiring
The Black Hole,Short Film,Happy,Inspiring
Oktapodi,Short Film,Very happy,Inspiring
Oktapodi,Short Film,Happy,Inspiring
Geri’s Game,Short Film,Very happy,Inspiring
Geri’s Game,Short Film,Happy,Inspiring
Life is Beautiful,Short Film,Very happy,Inspiring
Life is Beautiful,Short Film,Happy,Inspiring
Catching the Bus,Short Film,Very happy,Inspiring
Catching the Bus,Short Film,Happy,Inspiring
Tamasha,Short Film,Very happy,Inspiring
Tamasha,Short Film,Happy,Inspiring
Chutney,Short Film,Very happy,Inspiring
Chutney,Short Film,Happy,Inspiring
Little Pumpkin,Short Film,Very happy,Inspiring
Little Pumpkin,Short Film,Happy,Inspiring
Khujli,Short Film,Very happy,Inspiring
Khujli,Short Film,Happy,Inspiring
Natkhat,Short Film,Very happy,Inspiring
Natkhat,Short Film,Happy,Inspiring
Jamnapaar,Short Film,Very happy,Inspiring
Jamnapaar,Short Film,Happy,Inspiring
Juice,Short Film,Very happy,Inspiring
Juice,Short Film,Happy,Inspiring
Rammat-Gammat,Short Film,Very happy,Inspiring
Rammat-Gammat,Short Film,Happy,Inspiring
Fools Day,Short Film,Very happy,Inspiring
Fools Day,Short Film,Happy,Inspiring
The Answers,Short Film,Very happy,Inspiring
The Answers,Short Film,Happy,Inspiring
Borrowed Time,Short Film,Very happy,Inspiring
Borrowed Time,Short Film,Happy,Inspiring
Joy Story,Short Film,Very happy,Inspiring
Joy Story,Short Film,Happy,Inspiring
Sonder,Short Film,Very happy,Inspiring
Sonder,Short Film,Happy,Inspiring
Happiness,Short Film,Very happy,Inspiring
Happiness,Short Film,Happy,Inspiring
A Balloon for Ben,Short Film,Very happy,Inspiring
A Balloon for Ben,Short Film,Happy,Inspiring
The Silent Child,Short Film,Very happy,Inspiring
The Silent Child,Short Film,Happy,Inspiring
The Gunfighter,Short Film,Very happy,Inspiring
The Gunfighter,Short Film,Happy,Inspiring
In a Heartbeat,Short Film,Very happy,Inspiring
In a Heartbeat,Short Film,Happy,Inspiring
Soar,Short Film,Very happy,Inspiring
Soar,Short Film,Happy,Inspiring
Drawn Closer,Short Film,Very happy,Inspiring
Drawn Closer,Short Film,Happy,Inspiring
Taking Flight,Short Film,Very happy,Inspiring
Taking Flight,Short Film,Happy,Inspiring
Henry & Aaron’s Christmas,Short Film,Very happy,Inspiring
Henry & Aaron’s Christmas,Short Film,Happy,Inspiring
The Maker,Short Film,Very happy,Inspiring
The Maker,Short Film,Happy,Inspiring
Signs,Short Film,Happy,Pleasant
Signs,Short Film,Neutral,Pleasant
Table 7,Short Film,Happy,Pleasant
Table 7,Short Film,Neutral,Pleasant
Stutterer,Short Film,Happy,Pleasant
Stutterer,Short Film,Neutral,Pleasant
The Most Beautiful Thing,Short Film,Happy,Pleasant
The Most Beautiful Thing,Short Film,Neutral,Pleasant
A Social Life,Short Film,Happy,Pleasant
A Social Life,Short Film,Neutral,Pleasant
The Happy To-Do List,Short Film,Happy,Pleasant
The Happy To-Do List,Short Film,Neutral,Pleasant
Gubbare,Short Film,Happy,Pleasant
Gubbare,Short Film,Neutral,Pleasant
Gauru,Short Film,Happy,Pleasant
Gauru,Short Film,Neutral,Pleasant
Chai,Short Film,Happy,Pleasant
Chai,Short Film,Neutral,Pleasant
Shehr,Short Film,Happy,Pleasant
Shehr,Short Film,Neutral,Pleasant
Prakash,Short Film,Happy,Pleasant
Prakash,Short Film,Neutral,Pleasant
Mango Dreams,Short Film,Happy,Pleasant
Mango Dreams,Short Film,Neutral,Pleasant
Adman,Short Film,Happy,Pleasant
Adman,Short Film,Neutral,Pleasant
Tan Lines,Short Film,Happy,Pleasant
Tan Lines,Short Film,Neutral,Pleasant
Happiness,Short Film,Neutral,Pleasant
Joy Story,Short Film,Neutral,Pleasant
Le Gouffre,Short Film,Happy,Pleasant
Le Gouffre,Short Film,Neutral,Pleasant
Lockdown Love,Short Film,Happy,Pleasant
Lockdown Love,Short Film,Neutral,Pleasant
Sticks & Stones,Short Film,Happy,Pleasant
Sticks & Stones,Short Film,Neutral,Pleasant
Salvation Army Man,Short Film,Happy,Pleasant
Salvation Army Man,Short Film,Neutral,Pleasant
One Man’s Loss,Short Film,Happy,Pleasant
One Man’s Loss,Short Film,Neutral,Pleasant
97%,Short Film,Happy,Pleasant
97%,Short Film,Neutral,Pleasant
Willie Wagtail,Short Film,Happy,Pleasant
Willie Wagtail,Short Film,Neutral,Pleasant
The English Teacher,Short Film,Happy,Pleasant
The English Teacher,Short Film,Neutral,Pleasant
All That We Share,Short Film,Happy,Pleasant
All That We Share,Short Film,Neutral,Pleasant
The Egg,Short Film,Happy,Pleasant
The Egg,Short Film,Neutral,Pleasant
Coda,Short Film,Happy,Pleasant
Coda,Short Film,Neutral,Pleasant
Nescafé Stammerer Ad,Short Film,Happy,Pleasant
Nescafé Stammerer Ad,Short Film,Neutral,Pleasant
True Love,Short Film,Happy,Pleasant
True Love,Short Film,Neutral,Pleasant
A Moment in Love,Short Film,Happy,Pleasant
A Moment in Love,Short Film,Neutral,Pleasant
A Day in the Life of a Pencil,Short Film,Happy,Pleasant
A Day in the Life of a Pencil,Short Film,Neutral,Pleasant
Threshold,Short Film,Happy,Pleasant
Threshold,Short Film,Neutral,Pleasant
Monsoon,Short Film,Happy,Pleasant
Monsoon,Short Film,Neutral,Pleasant
Sindoor,Short Film,Happy,Pleasant
Sindoor,Short Film,Neutral,Pleasant
Syahee,Short Film,Happy,Pleasant
Syahee,Short Film,Neutral,Pleasant
The Big Snit,Short Film,Happy,Pleasant
The Big Snit,Short Film,Neutral,Pleasant
Job Interview,Short Film,Happy,Pleasant
Job Interview,Short Film,Neutral,Pleasant
Ambition,Short Film,Happy,Pleasant
Ambition,Short Film,Neutral,Pleasant
"Two Cars, One Night",Short Film,Happy,Pleasant
"Two Cars, One Night",Short Film,Neutral,Pleasant
Tallulah,Short Film,Happy,Pleasant
Tallulah,Short Film,Neutral,Pleasant
Sultana’s Dream,Short Film,Happy,Pleasant
Sultana’s Dream,Short Film,Neutral,Pleasant
Afterglow,Short Film,Happy,Pleasant
Afterglow,Short Film,Neutral,Pleasant
Gracias,Short Film,Happy,Pleasant
Gracias,Short Film,Neutral,Pleasant
The Reward,Short Film,Happy,Pleasant
The Reward,Short Film,Neutral,Pleasant
Sweet Cocoon,Short Film,Happy,Pleasant
Sweet Cocoon,Short Film,Neutral,Pleasant
Catch It,Short Film,Happy,Pleasant
Catch It,Short Film,Neutral,Pleasant
Alike,Short Film,Neutral,Pleasant
Misery Loves Company,Short Film,Happy,Pleasant
Misery Loves Company,Short Film,Neutral,Pleasant
This Is Me,Short Film,Happy,Pleasant
This Is Me,Short Film,Neutral,Pleasant
Curve,Short Film,Happy,Pleasant
Curve,Short Film,Neutral,Pleasant
The Black Hole,Short Film,Neutral,Artistic
The Big Shave,Short Film,Neutral,Artistic
World of Tomorrow,Short Film,Neutral,Artistic
The Drift,Short Film,Neutral,Artistic
The Neighbors’ Window,Short Film,Neutral,Artistic
Limbo,Short Film,Neutral,Artistic
Operator,Short Film,Neutral,Artistic
Ten Meter Tower,Short Film,Neutral,Artistic
Thunder Road,Short Film,Neutral,Artistic
Five Feet Apart,Short Film,Neutral,Artistic
The Ladder,Short Film,Neutral,Artistic
The Gift,Short Film,Neutral,Artistic
The Box,Short Film,Neutral,Artistic
R’ha,Short Film,Neutral,Artistic
Ruin,Short Film,Neutral,Artistic
The Answers,Short Film,Neutral,Artistic
Neighbors,Short Film,Neutral,Artistic
Night and Fog,Short Film,Neutral,Artistic
Sandpit,Short Film,Neutral,Artistic
Grey Umbrella,Short Film,Neutral,Artistic
Dawn,Short Film,Neutral,Artistic
Hunger,Short Film,Neutral,Artistic
Kachra,Short Film,Neutral,Artistic
Taandav,Short Film,Neutral,Artistic
Carbon,Short Film,Neutral,Artistic
Shunya,Short Film,Neutral,Artistic
The Debut,Short Film,Neutral,Artistic
Vitha,Short Film,Neutral,Artistic
Mithya,Short Film,Neutral,Artistic
Le Grand Jeu,Short Film,Neutral,Artistic
Bottles,Short Film,Neutral,Artistic
Alma,Short Film,Neutral,Artistic
Pale Blue Dot,Short Film,Neutral,Artistic
The Man Who Planted Trees,Short Film,Neutral,Artistic
Cargo,Short Film,Neutral,Artistic
House of Small Cubes,Short Film,Neutral,Artistic
Father and Daughter,Short Film,Neutral,Artistic
The Sandman,Short Film,Neutral,Artistic
Mama,Short Film,Neutral,Artistic
La Maison en Petits Cubes,Short Film,Neutral,Artistic
Experimental,Short Film,Neutral,Artistic
Ten Minutes Older,Short Film,Neutral,Artistic
The Cat Piano,Short Film,Neutral,Artistic
The Lost Thing,Short Film,Neutral,Artistic
The Ridge,Short Film,Neutral,Artistic
Stop,Short Film,Neutral,Artistic
The Phone Call,Short Film,Neutral,Artistic
One Minute Time Machine,Short Film,Neutral,Artistic
The Silent Child,Short Film,Sad,Moving
The Silent Child,Short Film,Neutral,Moving
Skin,Short Film,Sad,Moving
Skin,Short Film,Neutral,Moving
The Lost Valentine,Short Film,Sad,Moving
The Lost Valentine,Short Film,Neutral,Moving
The Neighbors’ Window,Short Film,Sad,Moving
Borrowed Time,Short Film,Sad,Moving
Borrowed Time,Short Film,Neutral,Moving
The Present,Short Film,Sad,Moving
The Present,Short Film,Neutral,Moving
A Reasonable Request,Short Film,Sad,Moving
A Reasonable Request,Short Film,Neutral,Moving
The Arrival of Wang,Short Film,Sad,Moving
The Arrival of Wang,Short Film,Neutral,Moving
How They Get There,Short Film,Sad,Moving
How They Get There,Short Film,Neutral,Moving
Five Feet Apart,Short Film,Sad,Moving
Stutterer,Short Film,Sad,Moving
Henry,Short Film,Sad,Moving
Henry,Short Film,Neutral,Moving
The Phone Call,Short Film,Sad,Moving
The Sandman,Short Film,Sad,Moving
Punyakoti,Short Film,Sad,Moving
Punyakoti,Short Film,Neutral,Moving
The Big Snit,Short Film,Sad,Moving
I Miss You,Short Film,Sad,Moving
I Miss You,Short Film,Neutral,Moving
The Mother,Short Film,Sad,Moving
The Mother,Short Film,Neutral,Moving
Exit,Short Film,Sad,Moving
Exit,Short Film,Neutral,Moving
The Gunfighter,Short Film,Sad,Moving
The Gunfighter,Short Film,Neutral,Moving
Blinky TM,Short Film,Sad,Moving
Blinky TM,Short Film,Neutral,Moving
Fault,Short Film,Sad,Moving
Fault,Short Film,Neutral,Moving
Jaan,Short Film,Sad,Moving
Jaan,Short Film,Neutral,Moving
Juice,Short Film,Sad,Moving
Juice,Short Film,Neutral,Moving
Kanika,Short Film,Sad,Moving
Kanika,Short Film,Neutral,Moving
Nitishastra,Short Film,Sad,Moving
Nitishastra,Short Film,Neutral,Moving
Khuli Khidki,Short Film,Sad,Moving
Khuli Khidki,Short Film,Neutral,Moving
Ahalya,Short Film,Sad,Moving
Ahalya,Short Film,Neutral,Moving
Chutney,Short Film,Sad,Moving
Chutney,Short Film,Neutral,Moving
Unsaid,Short Film,Sad,Moving
Unsaid,Short Film,Neutral,Moving
Ted,Short Film,Sad,Moving
Ted,Short Film,Neutral,Moving
Umbrella,Short Film,Sad,Moving
Umbrella,Short Film,Neutral,Moving
Mogra Phulaalaa,Short Film,Sad,Moving
Mogra Phulaalaa,Short Film,Neutral,Moving
Maya,Short Film,Sad,Moving
Maya,Short Film,Neutral,Moving
Ambition,Short Film,Sad,Moving
My Friend Mavis,Short Film,Sad,Moving
My Friend Mavis,Short Film,Neutral,Moving
A Crow’s Tale,Short Film,Sad,Moving
A Crow’s Tale,Short Film,Neutral,Moving
Mankind,Short Film,Sad,Moving
Mankind,Short Film,Neutral,Moving
Shunyata,Short Film,Sad,Moving
Shunyata,Short Film,Neutral,Moving
The Red Balloon,Short Film,Sad,Moving
The Red Balloon,Short Film,Neutral,Moving
Salt,Short Film,Sad,Moving
Salt,Short Film,Neutral,Moving
The Gift,Short Film,Sad,Moving
The Bear,Short Film,Sad,Moving
The Bear,Short Film,Neutral,Moving
Fragile,Short Film,Sad,Moving
Fragile,Short Film,Neutral,Moving
Curve,Short Film,Sad,Moving
The Answers,Short Film,Sad,Moving
The Last Day of Darkness,Short Film,Sad,Moving
The Last Day of Darkness,Short Film,Neutral,Moving
I Remember,Short Film,Sad,Moving
I Remember,Short Film,Neutral,Moving
The Edge,Short Film,Sad,Moving
The Edge,Short Film,Neutral,Moving
Feast of the Epiphany,Short Film,Sad,Moving
Feast of the Epiphany,Short Film,Neutral,Moving
Dear Basketball,Short Film,Very sad,Devastating
Dear Basketball,Short Film,Sad,Devastating
If Anything Happens I Love You,Short Film,Very sad,Devastating
If Anything Happens I Love You,Short Film,Sad,Devastating
The Silent Child,Short Film,Very sad,Devastating
Five Feet Apart,Short Film,Very sad,Devastating
Borrowed Time,Short Film,Very sad,Devastating
Father And Daughter,Short Film,Very sad,Devastating
Father And Daughter,Short Film,Sad,Devastating
The Red Turtle,Short Film,Very sad,Devastating
The Red Turtle,Short Film,Sad,Devastating
The Neighbors’ Window,Short Film,Very sad,Devastating
Henry,Short Film,Very sad,Devastating
The Phone Call,Short Film,Very sad,Devastating
Home,Short Film,Very sad,Devastating
Home,Short Film,Sad,Devastating
The Piano,Short Film,Very sad,Devastating
The Piano,Short Film,Sad,Devastating
The Present,Short Film,Very sad,Devastating
Inseparable,Short Film,Very sad,Devastating
Inseparable,Short Film,Sad,Devastating
The Arrival,Short Film,Very sad,Devastating
The Arrival,Short Film,Sad,Devastating
Brother,Short Film,Very sad,Devastating
Brother,Short Film,Sad,Devastating
My Friend Rabbit,Short Film,Very sad,Devastating
My Friend Rabbit,Short Film,Sad,Devastating
Every Child,Short Film,Very sad,Devastating
Every Child,Short Film,Sad,Devastating
Zero,Short Film,Very sad,Devastating
Zero,Short Film,Sad,Devastating
The Pearce Sisters,Short Film,Very sad,Devastating
The Pearce Sisters,Short Film,Sad,Devastating
I Miss You,Short Film,Very sad,Devastating
The Lost Thing,Short Film,Very sad,Devastating
The Lost Thing,Short Film,Sad,Devastating
Shunyata,Short Film,Very sad,Devastating
Mama,Short Film,Very sad,Devastating
Mama,Short Film,Sad,Devastating
The Sandman,Short Film,Very sad,Devastating
Cargo,Short Film,Very sad,Devastating
Cargo,Short Film,Sad,Devastating
Ahalya,Short Film,Very sad,Devastating
Juice,Short Film,Very sad,Devastating
Taandav,Short Film,Very sad,Devastating
Taandav,Short Film,Sad,Devastating
Ambition,Short Film,Very sad,Devastating
Rays,Short Film,Very sad,Devastating
Rays,Short Film,Sad,Devastating
The Gift,Short Film,Very sad,Devastating
"The Boy, the Mole, the Fox and the Horse",Short Film,Very sad,Devastating
"The Boy, the Mole, the Fox and the Horse",Short Film,Sad,Devastating
Silent,Short Film,Very sad,Devastating
Silent,Short Film,Sad,Devastating
The Black Hole,Short Film,Very sad,Devastating
The Black Hole,Short Film,Sad,Devastating
Blinky TM,Short Film,Very sad,Devastating
More,Short Film,Very sad,Devastating
More,Short Film,Sad,Devastating
Hill,Short Film,Very sad,Devastating
Hill,Short Film,Sad,Devastating
Excision,Short Film,Very sad,Devastating
Excision,Short Film,Sad,Devastating
Mankind,Short Film,Very sad,Devastating
A Crow in Hell,Short Film,Very sad,Devastating
A Crow in Hell,Short Film,Sad,Devastating
Strangers,Short Film,Very sad,Devastating
Strangers,Short Film,Sad,Devastating
Curve,Short Film,Very sad,Devastating
The Answers,Short Film,Very sad,Devastating
The Remaining,Short Film,Very sad,Devastating
The Remaining,Short Film,Sad,Devastating
Death of a Shadow,Short Film,Very sad,Devastating
Death of a Shadow,Short Film,Sad,Devastating
97%,Short Film,Very sad,Devastating
97%,Short Film,Sad,Devastating
Operator,Short Film,Very sad,Devastating
Operator,Short Film,Sad,Devastating
Refuge,Short Film,Very sad,Devastating
Refuge,Short Film,Sad,Devastating
Mute,Short Film,Very sad,Devastating
Mute,Short Film,Sad,Devastating
